ID,Title,Avg
11,Star Wars,76.496
62,2001: A Space Odyssey,39.064
152,Star Trek: The Motion Picture,26.551
154,Star Trek II: The Wrath of Khan,17.266
157,Star Trek III: The Search for Spock,17.008
168,Star Trek IV: The Voyage Home,17.747
172,Star Trek V: The Final Frontier,18.588
174,Star Trek VI: The Undiscovered Country,10.975
193,Star Trek: Generations,10.921
199,Star Trek: First Contact,22.78
200,Star Trek: Insurrection,17.369
201,Star Trek: Nemesis,22.021
212,Arsenic and Old Lace,12.55
411,"The Chronicles of Narnia: The Lion, the Witch and the Wardrobe",31.61
563,Starship Troopers,22.141
679,Aliens,29.666
935,Dr. Strangelove or: How I Learned to Stop Worrying and Love the Bomb,21.628
940,The Lady Vanishes,14.034
1410,Dark Star,8.462
1771,Captain America: The First Avenger,25.99
1884,The Ewok Adventure,11.998
1891,The Empire Strikes Back,27.13
1892,Return of the Jedi,24.305
1893,Star Wars: Episode I - The Phantom Menace,28.646
1894,Star Wars: Episode II - Attack of the Clones,25.394
1895,Star Wars: Episode III - Revenge of the Sith,27.07
2102,Solar Crisis,4.675
2115,Light of Day,3.617
2164,Stargate,21.584
2215,Star-Crossed Lovers,1.049
2270,Stardust,17.121
2357,10 Items or Less,8.451
2405,Joseph,9.818
2712,Jacob,5.341
2719,Moses,4.206
2748,Journey to Italy,9.854
2764,All Stars,2.448
2909,In the Dust of the Stars,4.747
3111,A Star Is Born,11.519
3480,The Old Gun,7.453
4338,I Woke Up Early the Day I Died,5.54
4826,Five Moons Plaza,5.048
4834,Starke Zeiten,1.544
4959,The International,15.741
5506,The Ladykillers,8.835
5516,The Ladykillers,14.377
6436,Star Command,2.773
6977,No Country for Old Men,23.01
7288,Duplex,14.948
7508,Like Stars on Earth,12.084
8413,Event Horizon,17.281
8859,"Dude, Where's My Car?",16.274
9384,Starsky & Hutch,17.678
9425,Soldier,18.62
9663,Starman,12.866
9784,Man About Town,6.895
9820,The Parent Trap,20.059
9821,The Mighty,6.857
9989,Antitrust,10.754
10044,My Lucky Stars,13.775
10243,The Flight of the Phoenix,7.48
10304,Starship Troopers 2: Hero of the Federation,15.312
10313,The Men Who Stare at Goats,12.426
10349,The Dark Half,14.095
10372,Ewoks: The Battle for Endor,13.285
10696,Glitter,8.732
10768,Omen III: The Final Conflict,14.567
10869,Herbie Rides Again,11.253
10975,Operation Condor,22.862
11049,Interstella 5555: The 5tory of the 5ecret 5tar 5ystem,9.081
11052,Yu-Gi-Oh! The Movie,14.23
11127,Starship Troopers 3: Marauder,13.497
11132,Confessions of a Teenage Drama Queen,11.811
11243,The Care Bears Movie,10.34
11331,The Old Man and the Sea,6.975
11337,Stardust Memories,9.148
11451,Herbie Fully Loaded,19.688
11467,America's Sweethearts,16.657
11607,DeepStar Six,11.535
11679,xXx: State of the Union,20.763
11884,The Last Starfighter,12.269
11900,Even Dwarfs Started Small,4.294
12180,Star Wars: The Clone Wars,18.263
12410,Good,5.19
12508,Rock Star,15.098
12599,Pokémon: The Movie 2000,16.28
12633,The Star Chamber,10.058
12697,Laura's Star,5.6
12775,Flesh + Blood,10.643
12914,Stargate: Continuum,12.545
13001,Stargate: The Ark of Truth,8.937
13053,Bolt,28.743
13076,Starting Out in the Evening,3.667
13092,How to Lose Friends & Alienate People,15.269
13171,The Ex,11.174
13243,Meet Bill,14.346
13386,I'm Starting from Three,6.218
13475,Star Trek,26.704
13476,Win a Date with Tad Hamilton!,11.133
13654,101 Dalmatians II: Patch's London Adventure,21.957
13705,The Christmas Star,5.452
13721,Half Past Dead 2,4.791
13739,Quatre étoiles,5.012
13778,Dickie Roberts: Former Child Star,11.772
13907,Kurt & Courtney,8.381
13955,Beethoven's Big Break,7.319
14055,Starter for 10,7.33
14249,Revenge,9.632
14268,Startup.com,6.1
14428,Who's Your Monkey?,1.954
14460,Battle Beyond the Stars,7.586
14809,Stark Raving Mad,7.821
14857,Personal Effects,7.12
15438,My Stars,5.664
15493,Star Wreck: In the Pirkinning,3.881
15494,Starflight: The Plane That Couldn't Land,3.73
15616,Private Valentine: Blonde & Dangerous,10.217
15713,The First Star,5.38
15921,Starko!,0.839
16012,"Old, New, Borrowed and Blue",2.481
16068,Babylon 5: The Legend of the Rangers - To Live and Die in Starlight,6.581
16187,Buzz Lightyear of Star Command: The Adventure Begins,17.493
16202,Cedric the Entertainer: Starting Lineup,2.025
16538,"I Love You, Man",26.253
16784,Welcome to Mooseport,8.698
17160,WWE: Greatest Wrestling Stars of the '90s,4.215
17237,The Moon and the Stars,2.557
17575,Only Clouds Move the Stars,2.121
17695,John Pinette: I'm Starvin'!,3.493
17938,First Spaceship on Venus,3.326
18122,The Inhabited Island 2: Rebellion,4.896
18231,Star Trek: Of Gods And Men,4.864
18419,Shooting Stars,4.431
18639,Flaming Star,4.357
18648,Under California Stars,1.659
18666,New Fist of Fury,11.305
18707,"Twinkle, Twinkle, Lucky Stars",10.242
18815,Glowing Stars,4.908
18823,Clash of the Titans,27.574
19256,Mobile Suit Zeta Gundam A New Translation I: Heirs to the Stars,3.13
19358,Angels & Airwaves: Start the Machine,2.146
19371,Mr. Nanny,11.249
19610,A Star Is Born,7.674
19753,Start the Revolution Without Me,4.171
19877,Fist of the North Star,8.197
20043,Royal Space Force - The Wings Of Honneamise,6.663
20372,Nine Lives,3.68
20737,Air Bud,10.399
20787,The Man Who Saves The World,3.017
20932,Father Frost,6.689
20947,Moscow-Cassiopeia,2.351
21188,Goat Story,1.49
21536,Starkweather,2.698
21629,Stir Crazy,9.378
22049,Starcrash,6.959
22355,Wickie the Mighty Viking,7.275
22599,Star,6.533
22692,A Star Is Born,6.606
22701,Attack from Space,2.517
22788,All Star Comedy Jam,4.628
22949,Old Dogs,15.754
23367,Bandslam,9.944
23452,Gurren Lagann The Movie: The Lights in the Sky Are Stars,7.872
24189,The Missing Star,2.211
24225,Afghan Star,4.478
24241,And Starring Pancho Villa as Himself,4.159
24271,The Maiden Heist,10.157
24551,Dark Resurrection,1.06
24865,Star Quest: The Odyssey,2.181
25539,Winners & Sinners,13.348
25741,The Flight Before Christmas,9.966
25992,Bible Code,2.755
26261,Cops & Robbersons,10.944
26300,Fist of the North Star,5.23
26748,Lone Star,13.027
26873,To The Stars By Hard Ways,2.45
26965,The Captains' Summit,5.136
27196,Stardust,3.22
27408,Never Too Young to Die,3.249
27441,Countdown,5.303
27539,The Star,1.921
27681,Wish Upon a Star,6.106
27775,Starforce,2.344
28124,Seems Like Old Times,9.121
28150,Press Start,1.17
28678,Ironmaster,5.052
28892,Ballet,4.432
29891,Star Hunter,2.149
29963,Bright Star,8.434
30054,The Tin Star,5.838
30062,Eaten Alive,9.24
30203,Star Runners,5.314
30285,The Evening Star,4.493
30545,Dogging: A Love Story,2.848
30593,Heavy Traffic,6.139
30597,Ultraman Tiga & Ultraman Dyna: Warriors of the Star of Light,3.738
30606,Mobile Suit Zeta Gundam A New Translation III: Love is the Pulse of the Stars,5.396
30707,Star 80,5.035
31122,The Starfighters,3.938
31277,Popstar,6.704
31279,Turks in Space,3.572
31447,Jethro: Stark Raving Bonkers,0.6
31654,The Strongest Man in the World,5.68
32147,Starchaser: The Legend of Orin,5.099
32273,It All Starts Today,4.5
32488,Days of Wine and Roses,5.89
32823,Get Him to the Greek,16.553
33112,It Started with Eve,3.385
33276,WWE: John Morrison- Rock Star,1.955
33339,Camp,6.409
33525,Morons from Outer Space,5.139
33717,Bob the Builder - Race to the Finish,0.6
33754,Scared Stiff,3.306
33786,Starring Maja,1.963
33838,The Care Bears Adventure in Wonderland,6.663
34111,Jojo in the Stars,2.381
34375,The Five Star Stories,3.851
34719,Stargaze - Hubble's View of the Universe,0.655
34759,Ziggy Stardust and the Spiders from Mars,5.486
35021,The Old Fairy Tale: When the Sun Was God,2.894
35225,Lone Star State of Mind,5.296
35558,Starstruck,18.7
35698,The Star of Bethlehem,2.645
35730,Amateur Porn Star Killer 3: The Final Chapter,0.873
35731,Amateur Porn Star Killer 2,1.4
35733,Amateur Porn Star Killer,2.872
35780,Thunderbirds are GO,5.503
35795,From 'Star Wars' to 'Jedi' : The Making of a Saga,3.614
36352,Northern Star,0.6
36790,Uncross The Stars,4.629
37031,Doug Anthony All Stars,0.6
37129,Only Old Men Are Going to Battle,7.546
37518,Star Wait,1.272
37593,Lone Star,4.226
37744,Rocketship X-M,4.904
37910,Voices of a Distant Star,8.701
37975,The Star Maker,5.544
38107,The Star Packer,4.509
38151,It Started in Naples,5.014
38380,Follow a Star,3.359
38577,The Old Man and the Sea,6.653
39100,Dragon Ball Z: The World's Strongest,12.469
39255,The 4 Complete Ed Sullivan Shows Starring The Beatles,1.447
39337,Lewis Black: Stark Raving Black,4.139
39373,Jack Hunter and the Star of Heaven,5.724
39439,Radio Star,0.779
39555,You Are Not Alone,4.331
39863,Star of David: Beauty Hunting,5.05
40611,"The Lion, the Witch and the Wardrobe",3.291
40643,X-15,4.677
40658,Starsuckers,2.771
40890,How the War Started on My Island,2.321
41142,Under the North Star,3.969
41544,Look for a Star,3.618
41747,Childstar,3.605
41808,True Confessions of a Hollywood Starlet,6.641
41926,Starrbooty,2.086
42031,Hour of the Star,2.344
42130,The Night of the Shooting Stars,7.403
42209,The Bunglers In The Planet Wars,3.046
42243,The Bingo Long Traveling All-Stars & Motor Kings,3.751
42376,Earth Star Voyager,3.494
42455,And Now the Screaming Starts!,3.067
42502,The Brute,3.165
42542,Starship Invasions,6.628
42580,Life with Mikey,9.578
42669,Five Star Final,3.303
42701,The Shooting,4.185
42833,Two Eyes Staring,2.95
42979,Robot Chicken: Star Wars,8.665
42982,Robot Chicken: Star Wars Episode II,6.668
43190,Starflam Faites Du Bruit,0.6
43266,How Green Was My Valley,11.168
43319,Man Without a Star,6.792
43365,Stars and Stripes Forever,3.128
43514,Thank Your Lucky Stars,3.672
43564,StarGaze HD: Universal Beauty,1.053
43848,My Lucky Star,2.837
43997,Divorcing Jack,5.884
44087,The Way to the Stars,3.056
44279,Starcrossed,4.623
44630,Aces High,3.542
44772,No Small Affair,5.11
44809,Dinocroc vs. Supergator,6.474
44846,Looney Tunes Super Stars Bugs Bunny: Hare Extraordinaire,2.005
44988,Grown Up Movie Star,2.624
45296,Galaxis,5.331
45833,Confessions of an Action Star,4.589
46010,Old Men: Robbers,3.492
46076,Invasion of the Star Creatures,1.609
46199,Johnny Castle Rising Star,0.6
46314,Hugo the Movie Star,4.259
46954,Laura's Star and the Mysterious Dragon Nian,2.415
47049,Der Stern von Afrika,1.783
47070,Brenda Starr,7.738
47296,Rainbow Brite and the Star Stealer,6.438
47302,Stardom,4.073
47441,Savage Souls,3.573
47603,"DAAS - Doug Anthony All Stars, Dead and Alive",0.6
47605,War of the Planets,2.687
47931,Elite Squad: The Enemy Within,13.251
48127,The North Star,2.491
48347,The Old Lady and the Pigeons,2.775
48721,Stars,1.4
48862,Unhook the Stars,4.908
49069,The Apple,3.712
49198,Laura's Star Xmas Special,2.131
49245,Yogi Bear's All-Star Comedy Christmas Caper,6.361
49409,Starstruck,2.638
49640,The Lawless Frontier,4.219
50183,The Ascent,9.274
50296,First Time Felon,5.463
50562,Porn Star: The Legend of Ron Jeremy,5.799
50948,Blaze Starr Goes Nudist,3.671
51857,Cría cuervos…,6.001
51888,Robot Chicken: Star Wars Episode III,8.651
52952,Charlie Brown's All-Stars,3.132
52959,Star!,3.427
53041,One Love - The Bob Marley All-Star Tribute,0.697
53118,Alvin and the Chipmunks Go to the Movies: Star Wreck,0.84
53170,Jerseys in the Rafters: Carolina's Greatest Stars,0.6
53313,Star Trek: 30 Years and Beyond,2.252
53372,The Star Boarder,2.836
53863,Star of Midnight,2.237
54007,Star Kid,5.227
54138,Star Trek Into Darkness,26.068
54150,Nin x Nin: The Ninja Star Hattori,1.4
54474,The Star,3.523
54634,Under the Stars,0.6
54663,Starting Over,2.964
54713,Starfish Hotel,0.84
54982,Introducing Dorothy Dandridge,5.262
55138,Barking at the Stars,4.041
55302,Relative Values,3.877
56194,Follow the Stars Home,2.831
56316,Rail of the Star - A True Story of Children and War,0.6
56323,Kicks,2.222
56565,2012 Startling New Secrets,0.695
56590,All Star Superman,11.262
56638,Let There Be Light: The Odyssey of Dark Star,1.826
56650,Barney's Christmas Star,1.209
56710,Fit to Be Tied,3.507
56841,A Thousand Times Stronger,3.326
56875,The Viking Watch of the Danish Seaman,0.704
57781,Old Hags,1.553
57869,Precure All Stars Movie DX2: The Light of Hope - Protect the Rainbow Jewel!,1.043
58287,Position Among the Stars,1.024
58421,Ignition,2.591
58426,Paper Star,1.186
58508,Far Far Away Idol,10.046
58694,The French Detective,6.656
58767,Sniper: Reloaded,10.679
59001,"Take That: Look Back, Don't Stare",3.603
59239,The Cloud-Capped Star,4.712
59408,Deep End,7.545
59860,Monte Carlo,23.898
60126,Press Start 2 Continue,1.069
60209,Garrincha: Lonely Star,1.96
60332,Coheed and Cambria Live at the Starland Ballroom,0.84
60382,Bratz the Video: Starrin' & Stylin',3.791
60725,Star One: Live on Earth,0.6
61187,Star Runner,2.038
61341,Ferocious Planet,5.745
61862,The Southern Star,6.791
61904,Lady Terminator,3.582
62817,Porn Star?,0.831
62830,Starvengers,1.4
62855,Prince of Space,3.788
63030,Lucky Stars Go Places,4.574
63031,Return of the Lucky Stars,3.271
63032,Ghost Punting,2.798
63033,How to Meet the Lucky Stars,1.449
63206,Fantastic Flesh: The Art of Make-Up EFX,3.046
63285,WWE: The Greatest Wrestling Stars of the 80's,0.84
63409,Star Vehicle,0.6
63497,Starship,2.295
63611,Under the Stars,1.387
63777,Hellbound,7.057
63872,Second Chances,3.865
64214,Mission Stardust,2.421
64773,Mobile Suit Gundam SEED C.E. 73: Stargazer,3.414
64802,Love! Valour! Compassion!,2.544
64804,Starslyderz,0.6
65083,The Beginning : Making 'Episode I',4.245
65107,The Elder Son,3.516
65136,The Old New Year,2.126
65326,Nobody's Fool,3.555
65364,Sexual Predator,8.343
65713,Seven Old Men and One Girl,3.807
65714,Little Big Panda,1.436
65890,Green Gold,4.967
66047,Odysseus and the Stars,0.93
66654,Shoot or Be Shot!,1.252
66845,Freddie Starr Live,0.6
67260,Whitesnake - Starkers In Tokyo,0.831
67524,Stand-Ins,1.688
67530,The Lords of Discipline,2.633
67571,The Art of Skiing,2.068
67683,"Shine, Shine, My Star",1.208
67911,Bucky Larson: Born to Be a Star,12.392
67949,The Secret Lives of Adult Stars,6.002
68171,Star Slammer,4.103
68544,1000 Yard Stare,0.872
69900,Star Crystal,2.531
70468,Child Star: The Shirley Temple Story,2.532
70608,Lego Star Wars: The Padawan Menace,8.084
70634,Schoolgirl Report Part 10: Every Girl Starts Sometime...,4.508
71036,Kick Start 2,0.6
71103,Old Man Khottabych,6.135
71559,Love Like Poison,1.938
71695,A Star Named Ayrton Senna,1.162
72090,Eyes Behind the Stars,1.96
72448,Star Wars: A Musical Journey,2.027
72473,Belle Starr,3.805
72476,Sesame Street: All-Star Alphabet,1.383
72681,The Ming Patriots,1.257
72694,The Making of Star Wars,3.618
72720,Hot Wheels Acceleracers: Ignition,8.043
72824,El  caballero del dragón,2.502
73067,Frankie Starlight,1.733
73246,All Star Comedy Jam: Live from Dallas,0.6
73320,Stargazer,1.242
73353,Man in the Mirror: The Michael Jackson Story,2.853
73546,The Captivating Star of Happiness,4.146
73658,SuperBand Live In Taipei: The Start And Final Stop,0.6
73826,"Exit the Dragon, Enter the Tiger",1.4
73995,Stardust,5.373
74233,Chatur Singh Two Star,0.791
74465,We Bought a Zoo,14.292
74638,Stardust: The Bette Davis Story,2.069
74839,Star Odyssey,3.664
74849,The Star Wars Holiday Special,8.197
74891,Lone Star - Scene,0.6
75170,Third Star,7.888
75974,Hannah Montana: Livin' the Rock Star Life!,3.595
76180,Empire of Dreams: The Story of the Star Wars Trilogy,11.558
76456,Nydenion,0.944
76731,Odin: Starlight Mutiny,1.286
76784,All Stars 2: Old Stars,2.801
77063,Old Men: Colonels,0.622
77509,May Stars,0.901
77622,The State's 43rd Annual All-Star Halloween Special,0.6
77700,The North Star,2.48
77718,The Lucky Bride,0.6
77996,Street Stars: The Larry Davis Story,0.6
78155,The Light of Western Stars,0.841
78387,Heber Holiday,2.296
78734,In Old Chicago,2.386
79009,The End of Old Times,1.831
79108,Starbuck,6.336
79156,9 Star Hotel,0.6
79158,LEGO Star Wars: Bombad Bounty,2.721
79235,Wandering Stars,0.873
79775,The Old Man and the Sea,4.508
80203,Les lionnes de la rivière de sable,0.6
80244,A Very Old Story,3.497
80333,Dark Spirits,2.523
80339,Star Pilot,3.555
80511,Starshaped,2.104
80518,Fullmetal Alchemist The Movie: The Sacred Star of Milos,9.189
80527,Stargate SG-1: Children of the Gods,13.933
80687,Stark Fear,1.061
80769,Star Dust,1.771
80920,Repentance,4.563
81191,The Double Wrist Lock starring Billy Robinson,0.6
81233,LEGO Star Wars: The Quest for R2-D2,2.86
81234,Lego Star Wars: Revenge of The Brick,2.467
81250,Geek Charming,17.397
81418,Star Wars: Deleted Magic,3.12
81847,The Dawn Patrol,4.778
81882,Starcrossed,5.771
81887,Murder by Phone,4.285
81899,Trek Nation,3.737
81931,Girl from Starship Venus,4.18
81994,Bandit Goes Country,3.819
82512,Bad Starters,1.922
82627,Man On a Mission: Richard Garriott's Road to the Stars,0.953
82651,Ringo Starr and the Roundheads - Live,3.018
82938,Five Star Day,5.018
83794,Hare-Way to the Stars,3.87
84030,Prince and the Evening Star,4.968
84147,Star Crossed,1.359
84155,Precure All Stars Movie DX3: Deliver The Future! The Rainbow-Colored Flower That Connects The World,1.4
84160,Precure All Stars Movie DX: Everyone is a Friend - A Miracle All Precures Together,2.196
84656,Fires Were Started,5.038
84748,Xuxa Popstar,2.415
85013,Hyper Sapien: People from Another Star,0.707
85110,Dog Star Man: Part I,4.025
85198,Frightmare,2.526
85296,Die Operngala der Stars (Baden Baden 2007),0.6
85444,Wrinkles,4.956
85678,Under Western Stars,3.281
85783,The Star,4.325
85878,Starry Starry Night,5.82
86280,Star Spangled to Death,3.735
87520,Starwoids,0.901
87812,Beam me Up! – Die große Star Trek Show,1.758
88387,Simply Red - Stars,1.263
89496,Banner of the Stars,0.871
89609,Universal Soldiers,3.799
89674,An Unnamed Star,3.837
89875,Starling and Lyre,0.665
90055,I Give you a Star,0.6
90265,Khalif The Stork,3.045
91679,Starlet,9.168
91961,The Star Witness,3.527
92292,Star Spangled Girl,0.6
92331,Beyond the Stars,4.161
92657,Lick the Star,2.627
93520,The Starfish,1.581
94502,Starship,3.509
95765,The Lone Star Trail,1.741
96243,I Start Counting,2.31
96592,Defcon 2012,3.443
96876,Riders to the Stars,2.489
97056,Stars to Wish Upon,0.915
97295,Lucky Star,2.435
97413,Doug Anthony All Stars: Live at the National Theatre,0.6
97441,How to Start a Revolution,2.413
97836,È nata una Star?,5.224
98016,Star Tours,2.802
98169,Everyone Stares: The Police Inside Out,1.4
98864,Resurrection,2.679
99139,Five Star,1.957
99592,I Aim at the Stars,0.991
99820,Video Killed The Radio Star,0.639
99942,Porn Star Zombies,2.481
100198,Tinke the Wolfgirl,1.539
101652,Erotic Games in the Third Galaxy,2.5
102082,The McConnell Story,1.302
102817,Quentin Tarantino's Star Wars,0.6
103091,All-Star Party for Frank Sinatra,0.876
103434,My Scene Goes Hollywood: The Movie,3.987
103443,Dharma Guns,1.308
103649,The War Starts in Cuba,1.608
103751,Under the North Star II,1.552
103752,"Here, Beneath the North Star",2.113
103901,My Big Fat Father,3.189
104173,The Belle Starr Story,2.279
104815,Natural Born Star,0.6
105231,Fist of the North Star: The Legend of Kenshiro,5.303
105576,The Old Maid,4.242
105981,Lucky Star,2.474
106797,Star-Crossed Love,0.722
107104,Beyond the Rising Moon,3.81
107357,The Man Who Wouldn't Die,1.88
107844,Jefferson Starship: The Definitive Concert,0.6
108220,Star Spangled Rhythm,3.873
108401,Star Maps,2.979
108782,Like a Star Shining in the Night,1.865
109080,Fist of the North Star: Legend of Raoh - Chapter of Death in Love,5.927
109763,Dead Start,0.6
110354,Side by Side,9.028
110371,She Likes Red Star,0.6
110541,Strength in Numbers,1.115
110741,The General Line,5.356
111076,The Old School of Capitalism,1.058
111100,Boy Meets Girl,2.346
111378,Star Watching Dog,1.878
111390,Stars in My Crown,3.528
111942,Star in the Dust,2.17
112051,Das haut den stärksten Zwilling um,1.618
112360,Love Stars,1.4
112438,Tri-Star,2.649
112971,Film Star,1.287
113095,Sky without Stars,2.457
113137,The Book of Stars,1.16
113249,Starlit High Noon,1.187
113322,One Night One Star: Usher Live,0.6
113859,Start The Fire,0.6
113916,The General Died at Dawn,3.082
114370,Fist of the North Star: Legend of Yuria,6.248
114371,Fist of the North Star: Legend of Toki,4.678
114372,Fist of the North Star: Legend of Raoh - Chapter of Fierce Fight,6.814
114478,Starship Troopers: Invasion,17.063
114525,In the Shadow of the Stars,1.425
115189,Louis Theroux: Twilight of the Porn Stars,5.518
115626,Stuck in the Suburbs,11.081
115830,The Baron Against the Demons,1.4
115929,Cool Kids Don't Cry,8.408
116265,Second Star to the Left,5.847
117349,Esper Mami: Hoshizora no Dancing Doll,1.044
117582,Chaplin's Goliath,2.382
118155,Star Force: Fugitive Alien II,1.565
118181,The Warlord: Battle for the Galaxy,0.873
119288,Three Stars,1.105
119399,Strongman Ferdinand,1.58
119702,Velvet Hustler,1.4
119893,An American Girl: McKenna Shoots for the Stars,25.034
120422,Precure All Stars New Stage Movie: Friends of the Future,1.308
120595,Star Quality,0.6
120985,New Fist of the North Star: The Cursed City,3.681
121824,Stand Up Guys,13.326
122503,How to Start Your Own Country,0.6
123000,Easy Star All-Stars: Dub Side of the Moon Live,0.6
123018,My Lucky Star,1.271
123774,Starstruck,0.6
124117,Pixel Perfect,5.707
124316,To the Starry Island,2.792
124414,Pictures of the Old World,3.12
125225,Star,0.6
125289,Super Star,0.6
125470,George and the Christmas Star,1.001
125794,Be My Star,1.641
125889,Stars and the Water Carriers,3.676
126187,The Stars Are Beautiful,4.438
126595,Bar Starz,0.842
126692,Prelude: Dog Star Man,3.907
126718,Amy Winehouse: Fallen Star,2.188
127030,A Star and Two Coffees,0.6
127040,Pick a Star,1.101
127148,Dog Star Man: Part II,3.235
127320,Dog Star Man: Part III,3.606
127323,Dog Star Man: Part IV,4.195
128295,Star Wars: The Legacy Revealed,4.714
128486,The Screaming Tiger,1.721
128825,Start Cheering,2.017
128882,"Shoot, Gringo... Shoot!",1.861
129033,Wyclef Jean: All Star Jam at Carnegie Hall,0.805
129628,Stars & Bars,3.801
129863,Demolishing and Building Up the Star Theatre,2.358
129870,Black Starlet,0.6
130625,Love Starts at Midnight,0.845
130654,Star Without Light,1.4
130691,The Dark Redemption,0.937
130772,Starlight and Superfish,1.714
131079,Watch It,1.823
131229,A Sky Full of Stars for a Roof,3.21
131477,Dark Resurrection Volume 0,0.996
131922,Highway Star,2.156
133516,The Rolling Stones: All Six Ed Sullivan Shows Starring The Rolling Stones,0.899
134554,Starry Night,0.6
134642,All Star Comedy Jam: Live from Orlando,1.919
135382,André Rieu - Under The Stars: Live In Maastricht V,0.6
136066,Stars In Shorts,3.082
136171,Machen wir's auf Finnisch,1.4
136244,Star,3.582
136406,LEGO Star Wars: The Empire Strikes Out,7.084
136678,The Yellow Star: The Persecution of the Jews in Europe - 1933-1945,0.6
137063,The Laughing Star,0.6
137093,Last Vegas,15.419
137726,The Departure,2.857
137941,Starlight Hotel,1.249
138374,Stardust on the Sage,1.521
138550,The Star Making Machine,1.031
138628,NWA Starrcade 1984,1.606
139156,Stars 80,7.075
139251,I Married Who?,7.664
139283,Bobby Bumps Starts for School,0.747
139408,The Stars Fell on Henrietta,3.412
140549,No Greater Love,1.777
140607,Star Wars: The Force Awakens,36.543
141817,Plimpton! Starring George Plimpton as Himself,1.664
142825,House Under the Starry Skies,1.774
142831,Star and Death of Joaquin Murrieta,1.34
142932,And Satan Calls the Turns,0.871
143760,Starblack,1.161
144390,The Startup Kids,1.833
144728,"The Stars Will Tell, Inspector Palmu",2.244
145247,The 100 Year-Old Man Who Climbed Out the Window and Disappeared,14.109
145803,The Star of Bethlehem,2.352
146116,My Lucky Star,1.69
147950,The Romancing Star,1.491
148078,When You Wish Upon A Star,0.962
148466,"Stars, Skis & Hucks",0.6
148607,Heavy Metal Mater,6.971
148861,The Light of Western Stars,0.824
148980,Battlestar Galactica,8.349
149427,Journey to the Christmas Star,7.254
149762,A Chance of Snow,1.553
149836,Stardust Stricken - Mohsen Makhmalbaf: A Portrait,0.841
150209,Jingle & Bell's Christmas Star,1.256
150434,Pretty Cure Splash☆Star Tic-Tac Crisis Hanging by a Thin Thread!,2.595
150476,Out Where the Stars Begin,0.627
150604,Star in the Night,2.127
150912,Goliath and the Sins of Babylon,1.863
151867,Under Southern Stars,0.841
152284,The Romancing Star III,1.4
152291,The Romancing Star II,2.15
152448,Phish: Star Lake 98,0.6
153955,All Star Sports Day,0.843
154271,Fire Groove All Stars vol 1,0.6
154308,Morning Star,0.84
154452,Star Wars Tech,1.312
154738,Legend of the Galactic Heroes: My Conquest Is the Sea of Stars,4.841
154985,Poky and Friends Starring Poky Little Puppy,0.6
155480,Megadeth: Back to the Start,0.6
155613,The Invincible,0.6
155808,Stars Shine Down,0.6
157336,Interstellar,99.392
157791,Street Stars: The Alpo Story,1.304
157851,Maps to the Stars,16.975
158087,Star Time,4.715
158124,The Star,1.103
159014,20 Feet from Stardom,9.658
159032,Pussy Riot: A Punk Prayer,6.453
159173,The Muppets All-Star Comedy Gala,1.556
159798,Make Me a Star,1.758
160024,The Stars Are Singing,1.451
160348,Revenge of the Stolen Stars,0.6
160550,The Departure of a Great Old Man,0.6
161077,Volunteer Jam: Starring The Charlie Daniels Band,0.6
161080,Secret Society,2.515
161334,Ömer the Tourist in Star Trek,1.03
161354,Cerca de las estrellas,0.6
161554,Seeing Stars,1.457
161704,Doraemon: Nobita's Little Star Wars,5.96
162062,Joan Crawford: The Ultimate Movie Star,3.08
163056,Stars and Suns,0.6
163221,Buddha's Palm and Dragon Fist,0.6
163539,Starlight,0.638
164585,Star Garden,3.301
164609,Yggdrasill: Whose Roots Are Stars in the Human Mind,3.313
164909,Male Model,0.845
167320,Larry the Cable Guy's Star-Studded Christmas Extravaganza,0.6
167356,Robert Klein: It All Started Here,0.672
168591,Pop Star On Ice,0.6
169339,Curse of the Starving Class,2.172
169956,Puppets Under Starry Skies,1.571
170478,Starting at the Finish Line: The Coach...,0.6
170888,Quiet Riot Starwood Club Hollywood CA 10-26-1979,0.84
170981,Starry is the Night,1.324
171130,Starlift,2.153
171426,A Starry Night with Simply Red,0.658
172418,Captain Tsubasa Movie 05: The most powerful opponent! Holland Youth,1.275
172466,The Art Star and the Sudanese Twins,1.079
173456,The Plough and the Stars,2.86
174099,Diego Star,2.796
174191,The Soap Suds Star,0.841
174394,Wish Upon a Star: Cold Body + Warm Heart,0.851
174398,Wish Upon a Star: Fantastic Cat,0.6
174576,Bobby Bumps Starts a Lodge,1.4
174978,Kiss My Act,2.588
175061,The Approach of Autumn,4.07
175118,An All-Star Tribute To Brian Wilson,0.6
175681,It Started with a Kiss,2.105
176354,Joan Rivers: Don't Start with Me,2.097
177320,Two Stars in the Milky Way,0.6
178383,Star Night at the Cocoanut Grove,0.673
178746,Cold Star,0.6
179322,Tosho Daimos,1.842
180395,Bottoms Up,1.634
180691,David Bowie & The Story of Ziggy Stardust,4.341
181331,The Railroad All-Stars,0.6
181808,Star Wars: The Last Jedi,42.653
181812,Star Wars: The Rise of Skywalker,69.039
181976,Don't Start Me Talkin: The Junior Wells Story,0.6
183013,Terminal Voyage,4.255
183062,I Am Not a Rock Star,0.6
184445,Lucky Stars,0.6
184554,Making Stars,0.6
184902,Star Wars: The Clone Wars: Darth Maul Returns,2.581
184992,A Five Star Life,7.04
185063,Survival Zone,2.11
185309,Twinkle Twinkle Little Star,1.96
186094,Starman: Yuri Gagarin,0.6
186210,Scale 6,1.628
186615,Stardust,0.805
186737,Girls Dead Monster starring LiSA Tour 2010- Keep The Angel Beats!,0.6
186853,Seeing Stars,0.6
187414,Noddy: Catch a Falling Star,0.682
187745,Hercules vs. the Giant Warriors,0.973
187952,Shooting Stars: Unviewed and Nude,0.6
188024,Starlit Days at the Lido,0.744
188303,Mr Miller Goes to Washington Starring Dennis Miller,0.84
188564,Garbage! The Revolution Starts at Home,0.6
188839,Aftermath,6.774
188927,Star Trek Beyond,24.452
189080,Sierra Leone's Refugee All Stars,1.134
189680,All Stars,4.995
189700,The Lovers of an Old Criminal,1.151
190036,Mystery of an Old Family,0.6
190190,Staring Contest,0.6
190518,Alphée of the Stars,0.6
190940,Bombay Talkies,4.368
190967,3 Geezers!,6.244
191180,The Star Boarder,0.6
191937,The Tiniest of Stars,0.6
192285,The Star of Bethlehem,0.6
193095,Tell It to a Star,0.676
193346,Big Star: Nothing Can Hurt Me,3.623
193355,Megadeth: Greatest Hits Back to the Start,0.6
193682,Five Star Existence,0.6
193877,Max Sets the Fashion,0.931
194160,White Star,4.478
194664,Starbucking,0.6
196918,The Sex of the Stars,0.973
197697,"Movie Star, American Style or; LSD, I Hate You",0.6
198205,Circuit Angel: Resolving Starting Grid,0.6
198455,Subway to the Stars,1.15
198816,There Was an Old Couple,2.05
199177,Stars,1.946
199320,An Old Car,0.873
199446,Stars of the Russian Ballet,1.063
200239,Don't Get Me Started - What's So Wrong About Blasphemy?,0.6
200377,The Evolution of Snuff,1.4
200383,North Star,2.476
200547,Ten Minutes Older,1.745
200637,Futur par Starck,0.6
201054,Rainbow,0.86
202239,Start Liquidation,2.922
202692,Drumming Beat of the Stars,0.6
203133,Night of Too Many Stars: An Overbooked Concert for Autism Education,1.581
203258,P-Star Rising,0.862
204038,Of Stars and Men,0.6
204166,Falling Stars,0.908
204784,Anna Nicole,0.6
205135,Stardust,1.129
205448,A Movie Star's Daughter,1.37
205566,Hannah Montana: Pop Star Profile,0.84
205626,Don Mclean - Starry Starry Night,0.6
205898,Stark Love,1.103
206200,Once It Started It Could Not End Otherwise,0.6
206914,Star Wreck,1.607
206917,Star Wreck II: The Old Shit,1.508
206918,Star Wreck III: The Wrath of the Romuclans,2.622
206919,Star Wreck IV: The Kilpailu,2.731
206920,Star Wreck V: Lost Contact,2.562
206923,Star Wreck 4½: Weak Performance,1.091
206929,"Star Wreck 2π: Full Twist, now!",1.095
207949,Star Wars Droids: The Pirates and the Prince,0.963
207950,Star Wars Droids: Treasure of the Hidden Planet,2.061
207992,Star Trek: Deception,0.972
208524,Stars and the Moon: Betty Buckley Live at the Donmar,0.6
209276,Starred Up,12.632
210286,Cho Kamen Rider Den-O Trilogy - Episode Red: ZeronoStar Twinkle,1.525
211081,Dangerous Acts Starring the Unstable Elements of Belarus,1.927
211710,A Walk in the Old City of Warsaw,1.699
212742,Dancing Lessons for the Advanced in Age,0.6
213037,Star Reporter,1.004
213424,Star Quality,0.6
213477,Meeting at the Old Mosque,1.091
214030,Fading Gigolo,10.879
214142,Under the Starry Sky,0.794
214722,Precure All Stars New Stage Movie 2: Friends From the Heart,0.971
214825,Billy Crystal: Don't Get Me Started,1.432
216534,Intriguer Live Start to Finish,0.6
217141,Rock and Roll Hall of Fame Live: Start Me Up,1.216
217601,Star Drunk,0.6
217783,Hedy Lamarr: Secrets of a Hollywood Star,0.6
218090,Brazil,1.181
218259,Inside Star Trek: The Real Story,0.707
218550,Grievance of a Starmaker,0.6
218718,Lone Star Law Men,4.115
218904,Pop Star,0.722
218913,Oxygen Starvation,0.6
219566,Star Wars: Music by John Williams,1.394
220075,Nine Muses of Star Empire,1.44
220402,All Star Comedy Jam: Live from South Beach,1.7
220488,My Lucky Star,2.741
220893,Black Star and the Golden Bat,0.84
221321,Pop Star,2.256
221362,Bugs vs. Daffy: Battle of the Music Video Stars,1.351
221584,Starz Inside - Unforgettably Evil,1.892
221893,NWA Starrcade 1983,1.441
221925,NWA Starrcade 1985,1.584
221968,NWA Starrcade 1986,0.99
222001,NWA Starrcade 1987,0.993
222071,Old Women,3.182
222190,NWA Starrcade 1988,0.972
222203,NWA Starrcade 1989,0.876
222218,NWA Starrcade 1990,1.247
222220,Shooting Stars,2.294
222402,The Cross and the Star,0.6
222661,The Day I Bought a Star,3.056
222839,LOVER 'S' MiLE starring LiSA,0.6
222872,Starquest II,2.553
222935,The Fault in Our Stars,26.802
223271,Star Portal,1.4
223319,Lucky Sky Diamond,0.934
223522,Sweet Troubles,1.784
223648,Dog Star,0.663
223723,The Stormy Man,1.96
223812,WCW Starrcade 1991,1.83
223814,WCW/New Japan Supershow II,0.68
223871,WCW Starrcade 1992,1.464
224055,Rodent to Stardom,0.901
224417,Das Schweigen am Starnbergersee,0.6
224876,WCW Starrcade 1993,1.257
225048,Evangeline,6.917
225703,The Starving Games,0.6
225842,Wealthy Corpses: A Crime Story from Starnberg,0.693
226785,Desert Passage,0.967
226880,Fluffy Cumsalot: Porn Star,1.371
226951,WCW Starrcade 1994,1.75
227023,WCW Starrcade 1995,1.717
227434,Star Worms II: Attack of the Pleasure Pods,0.6
227667,Perry Mason: The Case of the Shooting Star,2.942
228227,Stardust,1.792
228345,Beyond the Farthest Star,0.882
228649,Shaquille O'Neal All-Star Comedy Jam Live from Atlanta,1.366
228854,Star Virgin,0.84
229097,Perry Mason: The Case of the All-Star Assassin,1.794
229305,WCW Starrcade 1996,0.961
229676,The Broken Star,0.708
229753,WCW Starrcade 1997,1.376
229975,WCW Starrcade 1998,1.504
230029,Top Star,1.288
230719,Starz Inside - Comic Books Unbound,1.537
230801,WCW Starrcade 1999,1.52
231392,Lost in the Stars,0.956
231614,Start of Something,0.6
231887,WCW Starrcade 2000,2.129
232308,Voyage autour d'une étoile,0.881
234717,Shootin' Stars,0.6
234929,Rob Bell - Drops Like Stars,0.814
235149,A Star Is Bored,1.97
235173,Stara carsija,0.6
235472,Past Perfumance,3.659
235548,Stars Over Broadway,1.429
235737,Starz Inside: Ladies or Gentlemen,2.503
235824,Starting from Hatch,0.6
236177,A Star Is Hatched,1.867
236224,Stars and Stripes,2.25
236735,Marshland,10.245
237216,The Lone Star State,0.6
237354,Tar with a Star,0.6
237960,Starring Adam West,1.356
238203,A Star Athlete,0.6
238304,Catch a Christmas Star,5.88
240658,All-Star Jazz Show: Live From The Ed Sullivan Theater,0.6
241071,Brightest Star,6.78
241135,Benny & Jolene,4.68
241144,Seven Ages of Starlight,2.543
241451,The Hit Parade,0.6
241999,A Star for Christmas,5.551
243358,The Numbers Start with the River,0.6
243683,Step Up All In,24.138
244214,Star Trek: Secrets of the Universe,3.611
244592,Chase the Stars,1.525
245196,ROH All Star Extravaganza V,0.963
245529,Shuten Doji - The Star Hand Kid,1.161
245684,Cloud Capped Star,3.024
246138,Shooting Star Lens,0.6
246263,Starting Over,1.123
247240,A Starry Sky,0.621
247541,New Fist of the North Star: The Forbidden Fist,2.559
247543,New Fist of the North Star: When a Man Carries Sorrow,2.202
247963,The Star Maker,1.382
248652,It Started in Paradise,0.621
248688,A Night in Old Mexico,6.856
248931,Star Wars: Droids - The Great Heep,1.891
249088,Children of the Stars,0.691
249130,Starz Inside: Sex and the Cinema,1.457
249803,First Stars I See Tonight,0.6
250034,The Young Comedians All-Star Reunion,0.914
251414,Nudity Required,1.4
251430,Starhops,1.331
251685,Kanon Nakagawa Starring Nao Toyama 1st Concert 2012 Ribbon Revolution,0.6
251688,7 Star Grand Mantis,0.84
251830,Stardoom,0.6
252098,ROH Champions Vs. All Stars,0.6
252133,How to Start the Day,0.6
252962,Starsky and Hutch,1.047
253150,Plastic Galaxy: The Story of Star Wars Toys,5.624
253281,Falling Star,1.516
253439,Angelina Ballerina: A Shining Star Trophy,0.654
253636,Sunkist Stars at Palm Springs,0.627
254194,Starry Eyes,10.694
254293,Start All Over Again,0.6
254605,Gemini: The Twin Stars,1.4
254609,Radio Stars on Parade,2.247
255432,Starting Over Again,2.023
255454,Angels in Stardust,2.398
255759,All-Star Bluegrass Celebration,0.6
256233,Star Spangled Banners,2.329
256799,One Direction: Reaching For The Stars,1.85
256838,The Star of Cottonland,1.814
257003,A Porn Star Is Born,1.208
257098,Old Czech Legends,0.717
257155,Threads of Destiny,3.578
257252,The Old Jockey,0.726
257336,Lucero: Bright Stars on Lonesome Nights,0.6
257695,Oldtimer,0.6
257755,Star Babies,0.6
258043,Touching Starlight,0.6
259524,The Starfish Throwers,0.655
259959,All About Ann: Governor Richards of the Lone Star State,3.155
259975,Belle Starr,0.981
260283,Nos stars,0.6
260490,When the Dead Start Singing,1.124
260757,The Frozen Star,0.6
261562,Road to the Stars,0.919
261709,Warriors of the Discotheque,0.6
261815,Five Star,1.593
262128,Starless Night,0.6
263348,When the Stars Were Red,0.6
263786,Queen of the Stardust Ballroom,1.203
264398,Lonely Stars,0.6
264696,Heavenly Homecoming to Stars,0.6
265392,Five Star: The Final,0.6
265658,Starfighters,0.84
265680,Living Stars,0.6
265714,She Good Fighter,0.745
266136,When the Pigeons Start Flying,0.6
266224,Starting Place,0.9
266851,Startup,0.6
267485,The Starting Point,0.849
267863,Walking on Sunshine,13.072
267963,Star Blazers [Space Battleship Yamato]: Odyssey of the Celestial Ark,3.735
268154,"I Am an Old Smoking, Moving Indian Movie Star",1.099
268899,Justice League - Starcrossed,4.472
269205,Maya and the Starboy,1.736
269361,Adventure Starts Here,0.6
269571,Angelina Ballerina: The Shining Star Trophy,0.6
269731,Stars & Roses,1.4
269732,"Moon, Star and Sun",0.96
269768,Star Trek 25th Anniversary Special,3.066
270054,Looney Tunes All Stars,3.078
270185,Club Land,0.601
270510,No Stars in the Jungle,0.6
270698,I'm a Porn Star,3.062
271214,Sultan And The Rock Star,2.043
271649,Starry Night,0.84
271663,"The Body Will Be Committed to the Ground, And the Senior Warrant Officer Will Sing",0.621
271948,Star Driver the Movie,1.381
272279,George Clinton and the P Funk All Stars - Live in France,0.6
272362,Start a New World,0.6
272489,David Bowie: Origins of a Starman,0.6
272620,When The Stars Meet The Sea,0.6
272826,Star Hill,0.841
272885,Justin Bieber: A Star is Born,0.6
273059,Starving in Suburbia,5.377
273694,Old Man,0.6
273735,Star Games,1.851
273940,Gold Star Children,0.6
273997,Stop at Nothing: The Lance Armstrong Story,2.651
274127,A Star for Two,0.6
274198,Female American Rap Stars,0.6
274429,Starz Inside: In the Gutter,0.84
274573,BET Comic View All Stars Vol 3,0.6
274649,Under the Phrygian Star,0.659
274749,30th Anniversary of Rock 'n' Roll All-Star Jam: Bo Diddley,0.676
274871,Stars in Brazil,0.743
274916,"Classic Cartoon Favorites, Vol. 3 - Starring Goofy",1.298
275068,VeggieTales: The Star of Christmas,2.535
275251,Where We Started,0.934
275548,Tony Curtis: Driven to Stardom,1.565
275704,Brian Hooks All Starz Live,1.342
275778,Beats of the Heart: There'll Always Be Stars in the Sky: The Indian Film Music Phenomenon,0.6
275796,Bishop T.D. Jakes: Follow the Star,0.6
276150,The Blair Bitch Project,1.016
276179,Jin: Making of a Rap Star,0.6
276185,The Biggest Loser: The Workout - 30-Day Jump Start,0.6
276354,Crunk Comedy All-Stars,0.6
276871,Forever's Gonna Start Tonight,1.176
276954,BET Comic View All Stars: Vol. 4,0.6
276998,Ringo Starr: Live on Tour,0.6
277000,Rock Star: INXS - The DVD,0.6
277006,Shooting Star(s): The Rise of Hip Hop Photographer Johnny Nunez,1.4
277257,The Morning Star,0.6
277499,From Star Wars to Star Wars: The Story of Industrial Light & Magic,2.228
277778,Starship Rising,6.124
277847,Set Fire to the Stars,4.284
278128,A Movie Star,0.6
278612,Atlantis: Secret Star Mappers of a Lost World,0.83
278718,Star,2.414
279011,Stronger than the Night,1.099
279036,Tears and Laughter: The Joan and Melissa Rivers Story,1.679
279225,Angelina Ballerina: Pop Star Girls,0.6
279543,Elder Sister,1.275
280440,In an Old Manor House or The Independence of Triangles,0.6
280596,Quick Start Yoga,0.6
280743,Eastern Conference All Stars,0.6
280905,Aunty and the Star People,0.6
281540,American Rap Stars,0.6
282296,My Old Lady,8.237
282315,Star Wars: Bounty Hunter - Beyond The Game,1.738
282759,Star Trek: Evolutions,2.787
283410,Under Mexicali Stars,0.6
283571,Follow the Star,1.509
283772,Walk Away the Pounds - Get Up and Get Started 1 Mile / High Calorie Burn 2 Miles,0.6
283879,Rich Hall's California Stars,0.695
284606,Prelude to Axanar,2.696
284789,North Star,1.4
285650,Pretty Cure All Stars New Stage 3: Eternal Friends,1.92
285759,A Paradise Under the Stars,0.6
285919,Naked Stare,0.6
286030,Star of India,0.999
286269,Stronger Than Paragraphs,1.121
286764,Starzan: Shouting Star Of The Jungle,1.09
286958,Kidz Bop: Everyone's a Star!,0.6
287568,Michelin Stars - The Madness of Perfection,0.6
287640,Long Ranger And Tonton: Shooting Stars Of The West,0.848
287663,Star Wars Rebels: Spark of Rebellion,7.079
288095,Start with Us,0.6
288459,The Circus Starring: Britney Spears,2.134
289081,Team Hot Wheels: The Origin of Awesome!,3.64
290085,Love Letters of a Star,0.6
290188,The Brittany Murphy Story,3.752
290286,Stark System,1.09
290512,The Mountain Between Us,16.372
290553,Start Options Exit,0.657
290590,Gwaed ar y Sêr,0.6
290722,The Stars Shine,1.297
290997,Super Fleet Sazer-X the Movie: Fight! Star Soldiers,0.6
291833,"Walt Disney Treasures - Mickey Mouse in Living Color, Volume Two",2.715
291924,Voyage of Terror,2.474
292038,Star Struck,0.6
292095,Silencing the Song: An Afghan Fallen Star,0.6
292133,Battle of the Stars,0.6
292404,The Haunted Village,0.993
292410,Tales from the Endor Woods,0.84
292623,Viejos amigos,0.6
293107,A Man from This Star,0.625
293235,All Star Comedy Jam: Live from Las Vegas,1.082
293379,Aftermath,1.355
293747,A Star Is Shorn,0.6
293828,Starve,3.528
293957,What the Stars Foretell for the Children of Aquarius,0.6
294042,Wandering Stars,0.6
294585,The Silver Star,0.6
294822,Hollywood Rivals: Star Wars vs. Star Trek,0.6
294838,Starting from Scratch,0.6
295148,Goyband,0.6
295317,Dark Star: HR Giger’s World,1.45
295388,Rome Against Rome,1.161
295534,Falling Star,0.6
295558,Count It Down: Star-Making Roles,0.6
295672,Count it Down: Extreme Reality Stars,0.6
295685,Stark Raving Mad,0.6
296294,The Wormwood Star,0.6
296367,Morning Star,2.239
297287,He Found a Star,0.6
297462,Old Fashioned,2.555
297894,Ein Stern fällt vom Himmel,0.6
298108,Star Reformer,1.68
298204,Stardust,0.6
298427,In the Old Rhythms,0.65
298545,Natalie Portman: Starting Young,0.6
299574,One Starry Christmas,6.657
300084,Cheryl Cole: Northern Star,0.6
300282,Christa McAuliffe: Reach for the Stars,0.6
301033,Starting Over in America: The Story of the Hungarian 56ers,0.6
301955,Europe to the Stars,0.6
301993,It All Started So Gaily,0.84
302064,Planes: Meet the Stars,2.699
302376,We Are Young. We Are Strong.,5.292
302496,Beautiful Girl,4.202
304179,"Classic Cartoon Favorites, Vol. 1 - Starring Mickey",1.036
304254,One Direction: Reaching for the Stars Part 2 - The Next Chapter,1.4
304420,WordWorld: The Christmas Star,0.6
304777,Your Baby Can Read! Starter DVD,0.6
304849,"Classic Cartoon Favorites, Vol. 4 - Starring Chip 'N Dale",0.6
304894,Start With Nothing,0.6
305404,Gall Force 3: Stardust War,0.629
305845,Date My Porn Star,0.768
306062,Stardeath and the White Dwarves: A Performance at Bowery Ballroom,0.6
306108,Keiko The Untold Story of the Star of Free Willy,2.863
306367,Comedy Central's All-Star Non-Denominational Christmas Special,1.686
306622,Star Leaf,6.89
306750,She Starts the Fire,1.4
307049,The Majority Starts Here,0.6
307300,Sailor Moon - Sailor Stars (Revision),0.6
308577,Axl Rose: The Prettiest Star,0.6
308713,Star Appeal,0.623
308764,A Star Shall Rise,0.841
309049,We Still Kill the Old Way,6.901
310174,Laura's Star: Vol. 1,0.6
310671,Sara and the Starfish,0.6
310775,A Paradise Under the Stars,0.6
310942,The Launching of Spaceship-1,0.6
310980,Star,0.917
311145,"Supernova: The Knight, the Princess, & Shooting Star",1.252
311322,Buck Clayton All Stars: Brussels 1961 & London 1965,0.6
311419,Bill Engvall's New All Stars of Country Comedy: Volume 2,1.044
311439,Bob Hope: Hollywood's Brightest Star,0.6
311743,Tommy Ellison & the Singing Stars: Live,0.6
311963,Starkiss: Circus Girls in India,0.6
312074,Marv: The Soul of Five Star Basketball Camp,0.6
312137,Has the Film Already Started ?,0.651
312151,"Chantal D., Star",0.6
312232,BET Comic View All Stars: Vol. 9,0.6
312755,Uninvited Guest,0.6
313254,Cory in the House: All-Star Edition,0.6
314243,Old Believers,0.6
314332,PWG: All Star Weekend 9 - Night One,0.807
314333,PWG: All Star Weekend 9 - Night Two,1.4
314343,PWG: All Star Weekend X - Night One,1.495
314344,PWG: All Star Weekend X - Night Two,0.953
314363,Star Warp'd,0.79
314537,A Fresh Start,0.6
314608,Starting Over,1.127
314664,PWG: All Star Weekend 8 - Night One,0.6
314667,PWG: All Star Weekend 8 - Night Two,2.4
314745,Chris Brown: A Star Is Born: Unauthorized,0.6
315022,Pretty Cure All Stars: Spring Carnival,0.779
315032,When I Look Upon the Stars,0.6
315192,All Stars,0.6
315530,Belle Starr's Daughter,3.363
316347,A Horse for Summer,4.225
316939,Sparkling Red Star,0.6
317293,Looney Tunes Super Stars Tweety & Sylvester: Feline Fwenzy,1.613
317529,So You Wanna Be a Rock 'n' Roll Star,0.6
318150,Britney Spears: Star Baby Scrapbook,0.6
318265,Ian Gillan-Highway Star: Journey in Rock,0.6
318706,Starboyz Classics: Vol. 2,0.6
319042,Star Witness,0.911
319298,Ultra Q The Movie: Legend of the Stars,0.84
319412,Before They Were Wrestling Stars: CM Punk,0.6
319571,Shooting Star: Tonight,0.6
319883,North Starr,0.6
320375,India vs. Pakistan: Stars of India,0.6
320566,The Brooklyn All-Stars: Live in Atlanta,0.6
320580,Bob & Tom Comedy All-Stars Tour,0.6
320861,Pink Floyd Songs: An All-Star Lineup,0.6
321386,The Mystery of Shooting Stars,0.6
321431,In the Cockpit: Red Star,0.6
321627,Bay Area Block Stars,0.6
321829,Oh! You Beautiful 'Doll',1.12
322055,"You Become a Star, Too",0.6
323406,Starting Point,0.6
323767,Jin: The Making of a Rap Star,0.6
325044,The Man Who Would Not Die,0.6
325101,Stars Never Die,1.4
325300,These Blazeing Starrs!,0.6
325985,Ben Stiller's 2nd All-Star Comedy Roundtable,0.6
327032,Unedited Material from the Star,0.6
327159,Rising Star,0.6
327805,The Saint and the Star,0.6
327975,The Red Star Cinema,0.6
328209,Shooting Stars,1.529
329147,Balkan Star,0.6
329567,Casey Jones - Start to Finish,0.6
329628,Star Trek: Horizon,3.987
329745,Sparkling Red Star,0.6
330168,Stark Mad,0.6
330401,A Fresh Start,0.6
330459,Rogue One: A Star Wars Story,27.364
330554,Everything You Always Wanted To Know About Gay Porn Stars,0.624
331801,Meet the Stars #7: Meet Roy Rogers,0.841
331968,Pop Star,0.6
332210,Storks,25.097
332283,Mary Shelley,12.487
332364,The Long Start to the Journey,0.6
332474,We Came to Sweat,1.15
332479,Star Wars: TIE Fighter,3.339
332562,A Star Is Born,25.43
332626,Star Trek - Aurora,0.6
332989,Thomas & Friends: Track Stars,1.037
333047,Stars in Broad Daylight,2.912
333168,Starfire Mutiny,0.999
333273,Land Without Stars,1.387
334159,She Sings to the Stars,2.363
334268,Running Boy Star Soldier's Secret,0.6
334628,Starving Artists,0.6
335058,The Star Dreamer,0.709
335526,Adventures in Odyssey: Star Quest,0.679
335923,The Star of Bethlehem,0.6
336722,Burning Star,0.6
336775,All-Stars,3.611
337070,Star Bright,0.6
337092,The Latest Star from Vaudeville,1.4
337237,ROH All Star Extravaganza VI,0.6
337285,Earth Wind & Fire: Shining Stars,0.6
337691,Sailor Moon - Sailor Stars,0.6
337755,Star Wars Rebels: The Siege of Lothal,4.838
337781,Sailor Moon - Starlights - Legend of the Shooting Stars,0.841
337983,The Famous Warner Bros. Dog Star,0.6
338158,"All-Star Orchestra, Relationships in Music and the Living Art Form",0.6
338318,Andrew Chinn: Under Your Star,0.6
338825,Waltz in Starlight,0.634
339175,Our Stars,0.709
339217,Stars,0.6
339826,Star,0.6
339867,Super Star,0.6
340035,Star Whackers,0.6
340083,Ringo Starr & His New All Starr Band - Live In Chicago 2001,0.6
340122,Starec Paisiy i Ya,0.6
340198,Bionic Boy,0.6
340605,Lucky Star 2015,0.6
340813,Nina - Diary of a Porn Star,0.884
341110,We Are All Stars,0.9
341268,State of Things,2.195
341378,Sesame Street: Put Down the Duckie: An All-Star Musical Special,2.87
341614,Quick Start Pilates for Weight Loss,0.6
342363,Katie Morgan: A Porn Star Revealed,0.6
344626,P90X3 - Cold Start,0.846
344723,The Hang All Stars - Leverkusener Jazztage,0.6
344799,The Star Inspector,3.301
345056,Eddie Stargazer,0.6
345155,A Night with the Stars,1.501
345240,Mens du står utenfor,0.6
346604,Gåden Scandinavian Star,0.6
347241,Big Star: Live in Memphis,0.6
347836,The Journey of Stars Into the Dark Night,0.6
348350,Solo: A Star Wars Story,37.443
348570,Take It Back and Start All Over,0.6
348835,Frozen Stars,0.6
349195,The Sound of the Stars Dazes Me,0.6
349807,Star of Day,0.6
350499,Pokémon the Movie: Hoopa and the Clash of Ages,11.058
350578,Stevie Wonder: Songs in the Key of Life - An All-Star Grammy Salute,0.854
351226,In campagna è caduta una stella,0.6
351281,We Still Steal the Old Way,5.237
351596,It's All in the Stars,0.6
351651,The Untitled Star Wars Mockumentary,0.6
352046,The Celestial Railroad,0.6
352224,The Cowboy Star,0.6
352413,Stark,0.96
352545,Star Trek Secret Voyage: Whose Birth These Triumphs Are,0.722
352547,Star Trek: The Next Generation - Survive and Succeed: An Empire at War,3.289
352748,A John Williams Celebration,1.898
353070,Going in Style,20.18
353134,The Strongest,0.6
354003,Stars Versus Me,0.848
354238,Playboy: Sizzling Sex Stars,1.344
354691,PWG All Star Weekend Night One,0.842
354696,PWG All Star Weekend Night Two,1.092
354980,Love Under the Stars,6.107
355265,PWG All Star Weekend 2 - Night One,0.6
355266,PWG All Star Weekend 2 - Night Two,1.4
355547,The Star,14.142
355610,Stories... Stories... Stories from the Old Arbat,0.626
355993,The Whispering Star,4.156
356087,Ein gewisses Röcheln - Hitchcocktail für starke Nerven,0.6
356247,Joan Crawford: Always the Star,0.922
356494,Land of the Morning Star,0.6
357416,High☆Speed!: Free! Starting Days,3.107
357450,Star Wars: The New Republic Anthology,0.909
357533,Star Men,2.169
357759,Family Star (The Mutt & Jeff Icecream Sundae + Mothman),0.6
357820,Elvis All-Star Tribute,4.168
358136,ROH All Star Extravaganza VII,0.6
358536,When Star Wars Ruled the World,3.231
358911,Starve Your Dog,0.6
358918,It All Started at the End,2.012
358935,Star Stuff,0.713
359044,Throw a Saddle on a Star,0.6
359414,Lego Star Wars: The Complete Brick Saga So Far,0.728
359760,Star Film,0.6
359785,Dominion,3.642
359874,My Little Pony - Starsong and the Magic Dance Shoes,0.6
360017,PWG All Star Weekend 3 - Crazymania - Night One,2.631
360292,Starship Apocalypse,3.286
360434,Starting Out: The Making of Jerzy Skolimowski's Deep End,0.6
360670,The Stars of Variety Show,0.6
360802,"Arbeit macht das Leben süß, Faulheit stärkt die Glieder",0.667
361029,Double Digits: The Story of a Neighborhood Movie Star,0.6
361497,Go! Anpanman: Dadandan and the Twin Stars,1.206
361609,Go! Anpanman: Dolly of the Star of Life,0.727
361652,Fits and Starts,0.6
361958,PWG All Star Weekend IV - Night One,1.738
361961,PWG All Star Weekend IV - Night Two,0.6
362042,NXT All Star Panel,3.079
362780,PWG All Star Weekend V - Night One,0.842
362783,PWG All Star Weekend V - Night Two,1.092
363018,Starbuck Holger Meins,1.4
363132,Star Wars Begins: A Filmumentary,1.451
363348,Dark Around the Stars,1.243
363753,PWG All Star Weekend 6 - Night One,1.96
363754,PWG All Star Weekend 6 - Night Two,2.036
363768,Yesterday’s Stars,0.6
364096,The Legend of the Fist of the North Star,0.6
364617,PWG All Star Weekend 7 - Night One,0.6
364627,PWG All Star Weekend 7 - Night Two,0.6
365095,Leonard Nimoy: Star Trek Memories,0.6
365203,Bill Engvall's New All Stars of Country Comedy: Volume 1,0.842
365942,The Space Between Us,15.781
366019,Fallen Stars,6.205
366094,"You Get It, Man",0.623
366224,LEGO Star Wars: The Yoda Chronicles - Menace of the Sith,3.868
367084,Star Pile,0.775
368295,We Are Born of Stars,0.6
368315,I Can't Get Started,0.6
368604,CHIKARA: A New Start,0.6
368729,Star Wars: The Holo Xperience,0.6
369030,LEGO Star Wars: The Yoda Chronicles: Episode IV: Escape From The Jedi Temple,4.989
369036,LEGO Star Wars The Yoda Chronicles: Episode V: Race For The Holocrons,2.237
369553,Fall in Love Like a Star,2.18
370071,A Christmas Star,3.869
371008,"Sound of a Million Insects, Light of a Thousand Stars",0.6
371182,Garage Sale Mystery: Guilty Until Proven Innocent,6.983
371218,Starfest: The Stars Salute Public Television 1983,0.6
371224,The Science of Star Trek,1.161
371542,Pop Star Puppy,1.6
371654,Walt Disney Treasures - Mickey Mouse in Living Color,1.919
372259,Mr Black: Green Star,0.6
372684,Starship Featuring Mickey Thomas,0.6
372906,The Definitive History of Star Wars,2.9
372909,How Star Wars Changed the World,0.6
373362,Star Trek: Enterprise - Uncharted Territory,1.179
373831,The Home of Stars,0.6
373853,Starstruck,1.4
373872,Dora the Explorer: Catch the Stars,0.6
374914,The Story of an Old Woman,0.6
374958,A Very StarKid Reunion,4.326
375166,Sinatra 100: An All-Star Grammy Concert,2.488
375196,Follow the Star,0.626
375240,RockStar,0.909
376147,ROH Champions vs. All Stars,1.4
376170,One and Only Star,0.6
376268,Stargate SG-1: True Science,2.041
376798,Star Wars: Evolution of the Lightsaber Duel,2.097
377062,National Hero Lily Vidic,0.822
377150,A Dragon Arrives!,3.089
377239,Just for Laughs Starring Howie Mandel,0.6
377320,David Bowie: Starman,0.6
377385,The Secret of an Old Attic,1.062
378240,Yu☆Gi☆Oh!,4.594
378386,Star Wars: Greatest Moments,5.331
378858,LEGO Friends: Girlz 4 Life,8.399
379095,LEGO Star Wars: The Yoda Chronicles: Episode III: Attack of the Jedi,1.861
379258,Star Pink,0.6
379419,All Star Weekend,0.6
379490,Looney Tunes: All Stars Collection - Volume 1,0.84
379494,Looney Tunes: All Stars Collection - Volume 2,0.825
379657,Stairway to Stardom,0.6
379700,Starless Dreams,1.19
379833,Star Street: The Happy Birthday Movie,0.6
380268,When I'm a Star,0.6
380466,Looney Tunes Super Stars Daffy Duck: Frustrated Fowl,2.833
380467,Looney Tunes Super Stars Foghorn Leghorn & Friends: Barnyard Bigmouth,1.346
380479,Looney Tunes Super Stars Road Runner & Wile E. Coyote: Supergenius Hijinks,1.249
380482,Looney Tunes Super Stars Pepé Le Pew: Zee Best of Zee Best,1.331
380514,Looney Tunes Super Stars Porky & Friends: Hilarious Ham,0.905
380519,Looney Tunes Super Stars Sylvester & Hippety Hopper: Marsupial Mayhem,0.655
380738,Unlucky Stars,2.069
381060,Starving the Beast: The Battle to Disrupt and Reform America’s Public Universities,0.6
381566,Stars of the Roller State Disco,1.079
381948,Must See TV: An All Star Tribute to James Burrows,4.434
382384,The Stare,1.78
382512,LEGO DC Comics Super Heroes: Justice League: Cosmic Clash,12.62
382559,"Out of Sight: Stop the Stigma, Start a Conversation",0.6
382591,Two Is a Family,16.843
382748,Stargirl,15.099
382889,The Nightshift Belongs to the Stars,0.845
383126,PWG: All Star Weekend XI - Night One,0.898
383127,PWG: All Star Weekend XI - Night Two,2.517
383372,Lord Mito: All Star Version,0.6
383752,VeggieTales Holiday Double Feature: The Toy That Saved Christmas and The Star of Christmas,0.6
383825,Ballad of Old Weapons,0.6
383856,Hikaru no Go: Journey to the North Star Cup,2.004
384381,A Feather Stare at the Dark,0.6
384493,Young Duke: Making Of A Movie Star,0.882
384537,Mickey Mouse Clubhouse: Pop Star Minnie,0.6
384572,A 5 Star,0.6
385946,Lucky Star in Budokan,0.6
386361,Clark Terry All Stars Band - New Morning Jazz Blues Festival Geneve,0.6
386525,Starlets for Sale,0.84
386733,Star Fairies,0.998
387308,The North Star,2.411
387877,All-Star Vaudeville,0.6
388300,Van Damme Stallone is a Star,0.6
389303,Twinkle Twinkle Lucky Star,2.67
389738,Under Fiesta Stars,1.341
390060,Great Pyramid: Gateway to the Stars,0.6
390825,All-Star Production of Patriotic Episodes for the Second Liberty Loan,0.6
390960,Shooting Star,0.6
391083,Thomas & Friends: Start Your Engines!,1.828
391590,Patalliro: The Stardust Project,0.6
391882,Starmans: A Film in 13 Scenes,0.6
392216,Phineas and Ferb: Star Wars,8.648
392239,John Williamson: Chandelier of Stars the DVD,0.6
392278,Cartoon Craze Presents: All-Stars Volume 1,0.6
392507,The Shining Star of Losers Everywhere,0.755
392701,Lone Star Raiders,1.091
392929,Hotel of the Stars,0.6
393047,LEGO Star Wars: The Yoda Chronicles - The Phantom Clone,4.098
393147,Count the Stars Up Above,0.6
393656,Date with Love,7.804
393808,Star Fox Zero: The Battle Begins,0.6
393843,Stars on Parade,0.6
394054,50 Cent: Rap Star,0.969
394326,Planetarian: Hoshi no Hito,2.711
394355,Hulk Vs.,15.155
394974,Maaboudat El Gamaheer,1.4
395225,Starfish Aorta Colossus,0.6
395813,Starcrossed,1.707
396158,Wet Dream,2.583
396701,Before Sunrise,0.6
396756,Morning Star,0.6
397128,Millennium Stars,1.4
397138,スター毒殺事件,0.6
397659,Star of Destiny,0.6
398059,PWG: All Star Weekend 12 - Night One,0.647
398067,PWG: All Star Weekend 12 - Night Two,3.486
398069,It Started from the Heart,0.84
398174,Film Stars Don't Die in Liverpool,10.667
398177,Just Getting Started,11.928
398226,Dick Ho: Asian Male Porn Star,0.731
398738,Bright Lights: Starring Carrie Fisher and Debbie Reynolds,7.411
398757,Sex with the Stars,0.959
398802,Brainstorm: Between Shores,0.6
399033,Staring at Trees,0.6
400664,Star Struck,1.55
400726,Starboard Light,1.049
400745,Starlets of the Screen,0.6
400890,The Craziest Star,0.6
401039,The Fairy of the Stars,0.6
401202,David Starkey's Magna Carta,0.6
401390,Evolution of the Red Star,0.6
401408,Leslie Caron: The Reluctant Star,3.93
401442,Internet Famous,3.198
401680,Squonk Opera's Astro-Rama: Live Under The Stars,0.6
402003,Night Train to the Stars,0.901
402061,Magic the Gathering Starter Series Instructional Video,0.6
402285,Super Batman & Mazinger V,0.804
402478,The Star Prince,0.6
402495,Riders of the Lone Star,0.6
403088,Lubelska starówka,0.6
403940,Looking at the Stars,0.6
404021,Tale of the Star-Child,1.4
404245,Starfish,3.403
404504,Kin: Fallen Star,0.6
404719,50 Cutest Child Stars All Grown Up,0.6
405409,The Lucky Star,0.626
405525,Even Kids Started Small,0.6
405572,Ken Loach's Star Wars,0.6
405644,Night of the Shooting Stars,1.165
405828,Meeting of the stars,0.6
406026,Starbooty Trilogy,0.6
406063,Start Stop Die Run,0.6
406285,The Last Starship,4.961
406477,Roulette Stars of Metro Detroit,0.6
406845,All Star Video,0.6
407001,Star Warriors,1.651
407417,"Sun, Moon and Star: Part 2",0.948
407438,Codename: Housewife,3.924
407526,Till Death Shall We Start,1.49
407989,Farewell to Star Trek: The Experience,0.6
407994,Star Trek the Experience:  Klingon Encounter,0.6
407996,Villains of Star Trek,0.843
408300,LEGO Star Wars: The Yoda Chronicles - Raid on Coruscant,4.269
408436,Quit Staring at My Plate,2.06
409016,"The Fire, The Blood, The Stars",0.683
409991,Looking at the Stars,0.666
410031,Les Stars,0.702
411082,Summer of Dreams,5.25
411269,The Real Death Star,0.965
411433,Star Child,0.63
411500,50 Years of Star Trek,2.663
411511,Star Wars: Generations,0.6
411701,Generation Startup,6.391
411974,She Started It,0.852
412561,The Secret of Star Wars,0.6
413024,"Oscar Saa, Technician of the Stars",0.633
413164,Precure All Stars Movie: Everybody Sing! Miraculous Magic!,0.66
413221,Pup Star,4.727
414205,Robert Mitchum: The Reluctant Star,0.919
414229,No Name Stars,0.6
414260,Building Star Trek,3.198
414296,The Woodsmaster Volume 01 Spark Based Fire Starting,0.6
414975,Born Under Crossed Stars,0.741
415093,Hidden Star,0.6
415534,Stars on Parade,0.84
415749,Barbie: Star Light Adventure,11.929
416141,Starlet Screen Test,1.238
416182,Star Trek: A Captain's Log,2.5
416184,Star Trek: Beyond the Final Frontier,2.035
416322,A Star of Greed,0.6
416548,Ultimate Trek: Star Trek's Greatest Moments,0.6
416907,Night Without Stars,0.84
417051,Lady Stardust,0.6
417308,"Stars in Her Hair, Tears in Her Eyes",0.6
417585,Mission: Kidnap the Top Star,0.6
418271,I Was in a Film Starring Laura Dern,0.6
418363,Star Wars Rebels: Steps Into Shadow,1.589
418527,Polo with the Stars,0.6
418914,Beneath Disheveled Stars,0.6
419126,ROH All Star Extravaganza VIII,1.23
419297,Gold Star,0.64
419322,Starstruck,1.21
420240,Dog Star Man,2.462
420974,Between The Stars,0.6
421394,Sports Insiders on 24 Hours of Le Mans,0.884
421616,Starsailor - Love Is Here Live,0.6
421620,Christmas in Homestead,6.852
421722,Old Thomas Is Stolen,0.6
421934,The Kinsey Sicks: America's Next Top Bachelor Housewife Celebrity Hoarder Makeover Star Gone Wild!,0.6
422328,It Started with Trees – Revolt in the Gezi Park,0.6
422332,Star in the Sky,0.6
422629,Antonio Carlos Jobim: An All-Star Tribute,0.6
422883,The Four Star Boarder,0.6
423062,Love: Starting on a Journey,0.726
423126,Crest of the Stars: Birth,1.025
423570,Startup,0.6
424082,Owners of stars,0.6
424210,Reagan: From Movie Star to President,0.6
424492,The New Yoda Chronicles: Clash of the Skywalkers,2.497
424523,Die Stärksten 80er Clips – Saturn-Party Edition,0.6
425052,Starlight Night,0.6
425978,A Star Fell from Heaven,0.6
426704,Tommy Igoe: Getting Started on Drums,0.6
426860,Pro Wrestling USA: Star Wars 1985,0.6
426864,Halo of Stars,3.767
427255,Lonely Star of Osaka,0.6
427719,X-Rated 2: The Greatest Adult Stars of All-Time,8.393
427780,Up to the Stars,0.6
428507,"My Wife, the Movie Star",0.6
428877,Sesame Street: Singing with the Stars,0.6
429203,The Old Man & the Gun,9.196
429408,Starfall,0.958
429471,Captive State,19.326
429812,"Jefferson Starship - The Definitive Concert, '83",0.621
429912,Star Lords: Rise of The Nemesis,0.6
430576,Shaquille O'Neal Presents: All Star Comedy Jam: Live From Sin City,0.603
431575,The Rogue One: A Star Wars Toy Story,1.253
431809,Highway Stars,0.847
432038,Star Wars Downunder,0.754
432052,Saving Star Wars,0.663
432059,Skazka starogo duba,0.6
432128,Precure Dream Stars!,0.924
432133,Space Battleship Yamato 2202: Warriors of Love,2.091
432134,Star Wars: Heroes & Villains,0.6
433018,Frat Star,5.933
433234,Crime at the Little Star Pension,0.6
433598,George Strait: ACM Artist of the Decade All Star Concert,0.623
433744,The Star of the Side Show,0.6
433950,Daytime Shooting Star,9.623
434458,Star Boys,1.671
435024,Shuriken Sentai Ninninger: AkaNinger vs. StarNinger Hundred Nin Battle!,0.6
435039,"A Day of One Hero, Starring Kazuki Shimizu",0.6
435365,The Story of Star Wars,4.605
435424,Secret Hot Spring Resort: Starfish at Night,0.6
435505,No Shooting Stars,0.6
436810,Startling Proofs,0.6
437856,A Burning Star,0.6
437947,Go! Anpanman: The Shining Star's Tear,1.207
437989,The Twelve Parsec Stare,0.671
438052,Star Wonderfun,0.914
438291,Starry Night: Or A Good Night for Forgiving,0.6
438338,Shooting Star,1.1
438431,Fits and Starts,1.355
438523,"Thank You, Friends: Big Star's Third Live… and More",0.6
439228,Stars of Long Nights,0.6
439230,Stars Over Texas,0.84
439633,Forever's Gonna Start Tonight,0.6
440121,The Sea Stares at Us from Afar,0.6
440411,The Nameless Star,1.4
441042,The Ancient Coin,0.6
441135,The Shooting Star,3.009
441251,Startfieber,0.6
441283,Stars,0.6
441661,A Star-Spangled Story: Battle for America,0.6
441823,Star Worlds Episode XXXIVE=MC2: The Force Awakens The Last Jedi Who Went Rogue,0.6
442714,Five Stars,1.383
443279,Freedom Man,0.6
443321,Meet the Stars #5: Hollywood Meets the Navy,0.6
443412,Ralph McQuarrie: Tribute to a Master,0.633
443659,Imitation Girl,3.822
444316,North from the Lone Star,0.877
444378,Son of Belle Starr,0.665
444488,A Far Promise,0.6
445077,I'm a Porn Star: Gay 4 Pay,2.894
445407,House Arrest Starring Chris Colombo: A Docu-Comedy Based On Reality,0.6
445791,Celldweller: Start of an Empire (The Making of,1.35
445887,The Lone Star Vigilantes,0.841
445978,Starmania,1.137
446191,Lone Star Ranger,1.177
446589,Ontic Antics Starring Laurel and Hardy: Bye Molly,0.6
447322,Slim in 6: Start It Up!,0.6
447780,Star Whisper,0.6
447789,Stardust,0.6
447790,Dead Star,0.6
448061,Magical Stars,0.6
448076,Star Star Star,0.6
448140,Rice Paper Stars,0.6
448233,30 Minutes to Fitness: Start Here,0.845
448638,Your Guide to Star Trek Generations,1.689
448932,The Star Trek Saga: From One Generation To The Next,1.63
449225,A Beautiful Star,2.774
449430,Star,0.84
449439,Afro-Cuban All-Stars at the Salon of Dreams,0.6
449736,Star Blazers,0.643
449783,Star David,0.6
450065,The Beano Video,0.948
450285,Stars in the Eye,0.6
450823,The Startup: Accendi il tuo futuro,3.015
451204,The Last Movie Star,8.802
451299,When Do We Start?,0.6
451368,Starved,0.805
451572,Star Trek: Inside the Roddenberry Vault,3.404
451657,Custody,10.282
452516,Lone Star Moonlight,1.091
453458,I Buy Old Stuff,0.6
453719,Stars of Gaomeigu,0.6
454744,Last Light of a Dying Star,0.6
454866,The Cocktail for Star,0.6
454868,The Cocktail for Star 2,0.6
454896,ABC Monsters: Starring Efgh,0.6
455789,Starlight Over Texas,0.665
455961,Princess Leia’s Stolen Death Star Plans,0.6
455999,"Ensam, inte stark",0.6
456059,Star of Hope,0.912
456194,Old Courtyard,0.6
456313,Start Line,0.6
457324,The Starry Sky Above Me,1.481
457510,Gene Tierney: A Forgotten Star,0.693
457705,Star Ways,0.6
458189,Snowy Bing Bongs Across the North Star Combat Zone,1.306
458389,Mike Pinder ‎- The Promise + Among The Stars,0.6
458784,STAR [Space Traveling Alien Reject],0.6
459216,Star of Texas,0.961
459804,Ringo Starr: Off the Record,1.093
459992,Long Shot,23.556
460790,Starship Troopers: Traitor of Mars,11.306
460997,Como Estrellas Fugaces (Like Shooting Stars),0.6
461118,What We Started,5.245
461195,Sacred Heart,0.757
461569,The Star Wagon,1.121
462134,"Hare Krishna! The Mantra, the Movement and the Swami Who Started It All",0.685
462439,Amusing Star,0.6
462468,Dancing with the Stars: Latin Cardio Dance,0.6
462505,"Marbie, star de Couillu-Les-2-Eglises",0.6
462595,Tony Bennett: Live by Request - An All-Star Tribute,0.6
462704,Holy Land: Startup Nations,0.6
462871,Stars Over the River Drin,0.6
463176,Aikatsu! Music Award: We all get a prize SHOW!,0.715
463206,Crazy Star,0.6
463288,Star vs. the Forces of Evil: The Battle for Mewni,6.804
463920,Ringo Starr and His All-Starr Band,1.736
463921,Ringo Starr & His All-Starr Band: Live at the Greek Theatre 2008,0.844
463923,The Best of Ringo Starr & His All-Starr Band So Far...,0.829
463925,Ringo Starr & His All-Starr Band: Tour 2003,0.6
463926,Ringo Starr & His All-Starr Band Live 2006,0.6
464207,The Truth Is in the Stars,5.739
464341,Star for a Night,0.6
464850,The Immortal Wars,9.286
465006,The Slum Stars,0.6
465882,Star Wars Rebels: The Machine in the Ghost,1.534
465886,Star Wars Rebels: Art Attack,1.054
466686,Science Fiction Saiyuki Starzinger,0.6
467412,Amori che non sanno stare al mondo,3.026
467903,Untitled Star Trek Sequel,0.878
468225,The Starling,1.4
468740,Southern All Stars - SUPER SUMMER LIVE 2013,0.6
468780,Stars of the Pharaohs,0.6
469007,WWE: Starrcade - The Essential Collection,0.636
469354,Old Times Pranks,0.6
469509,Stars,1.016
469922,Pup Star: Better 2Gether,7.013
469949,Came To Me And Become A Star,0.6
470012,Looney Tunes Super Stars Bugs Bunny: Wascally Wabbit,0.6
470097,The Supreme Kid,0.6
470244,Starship Troopers,1.288
470443,Pullikaran Stara,0.876
470605,Our Star Trek: The Fifty Year Mission,0.6
471206,The Cowboy and the Movie Star,0.637
471213,Get In Shape: Get Started!,0.6
471437,Starr Farm,0.6
471744,Vacations at Grandma's,0.661
471747,A Scattering of Stars,0.6
471981,Chocolate City: Vegas Strip,4.227
472042,An Old Acquaintance,1.093
472122,Today We Start Our Love,0.985
472364,Every Star,0.6
472376,Stars & Bars,0.6
472749,"Distant Starlight"" - Not a Problem for a Young Universe""",0.6
473196,Nameless Stars,0.6
473307,Love You to the Stars and Back,1.635
474231,Life's Rocky Start,3.751
474826,So So Def All-Star 20th Anniversary Concert,0.888
475718,Under the Stars and Bars,0.6
476109,Starvation Blues,0.6
477157,The Lone Star Ranger,0.6
477206,Hanna-Barbera's All-Star Comedy Ice Revue,0.6
477543,Two Starving Cities on the Danube,0.6
477644,Stars Man Has Made,0.6
477819,Kenya’s marathon stars in Europe,0.6
478226,The Star Next Door,2.802
478792,Star Sand,0.6
479109,The Good Old Piano,0.6
479340,The Misadventures of Fanny Starr,0.6
481208,North Star: Mark di Suvero,0.6
482067,The Purple Color of the Night is Filled with Stars,0.6
482088,Better Start Running,7.356
482287,The Stars of Star Wars,0.6
482322,Blood Stars,0.6
482387,The Star Reporter,0.655
482997,★,0.6
483179,Grindhouse All-Stars: Notes from the Sleaze-Cinema Underground,0.6
483440,Kanon Nakagawa Starring Nao Toyama 2nd Concert 2014 Ribbon Illusion,0.6
483598,Journey's End: The Saga of Star Trek - The Next Generation,1.971
483694,So You Wanna Be a Rock 'n' Roll Star,0.6
483808,Night of Too Many Stars: America Unites for Autism Programs,3.971
484843,Stars at Day,0.6
485775,Ringo Rocket Star and His Song for Yuri Gagarin,0.679
485887,Star Gazing,0.6
485994,The Force Is with Them: The Legacy of Star Wars,1.546
485997,Star Wars: The Magic & the Mystery,0.6
486000,The Characters of Star Wars,0.984
486215,Untitled Star Wars Trilogy: Episode I,0.85
486216,Untitled Star Wars Trilogy: Episode II,2.053
486217,Untitled Star Wars Trilogy: Episode III,1.569
487613,Star Cross'd Jammers,0.6
487963,The Leader's Way. The stars have aligned,0.85
488711,Get Started In Blading,0.6
488958,Mobile Suit Gundam 0083: Stardust Memory - The Mayfly of Space,0.65
489414,Love Letter for Starla,0.722
489593,All-Star Weekend,1.954
491162,The Buggles: Video Killed the Radio Star,2.166
491194,BorderCross,1.621
491352,Violin in the Starry Sky,0.844
491667,Lupin The Third: Master File,0.913
492221,Rise of a Star,1.038
492257,A Tale of Two Coreys,2.823
492260,Starring: Jouko Turkka,0.6
492434,Billy Star,1.088
492512,The Star Child,1.741
493549,I Was a Mermaid and Now I'm a Pop Star,0.6
493892,Old Marine Boy,0.6
494026,My Darling Gals,0.631
494895,Anne of Green Gables: The Good Stars,2.272
495020,Starzan II,0.6
495024,Starzan III,0.6
495609,Go! Anpanman: Rescue! Kokorin and the Star of Miracles,0.892
495885,Ocean Wave of Stars,0.6
496121,The Big Revue,0.651
496245,Cover Versions,3.564
496312,The Football Star,0.6
496717,Star of Hong Kong,0.6
497819,Far Bright Star,8.57
498301,Old Boys,8.494
498398,Staring Into the Sun,0.6
498425,StarCraft II - Year One,0.727
499116,"Whose Are You, Old People?",0.679
499203,Star Trek: Tik Tok,0.6
499380,Once the Killing Starts,0.6
499426,Wish Star,0.6
499794,Wandering Star,0.932
500371,Michelin Stars: Tales from the Kitchen,0.6
500474,Jr. Star Trek,0.6
500626,Star Blazers - Space Battleship Yamato 2199: A Voyage to Remember,1.313
500763,Starlight,0.6
501355,Louisiana Hayride: Cradle To The Stars,0.666
501567,Daicon Film's Return of Ultraman,0.6
501569,Lucky☆Star: Original na Visual to Animation,0.992
501943,Star Ferry,0.6
502488,That Which Moves the Sun and Stars,0.6
503165,I Am A Star,0.6
503354,Bugs Bunny/Looney Tunes All-Star 50th Anniversary,8.197
503660,The Ultimate Collection Starring Johnny Carson - The Best of the 60s and 70s,0.6
503665,The Ultimate Collection starring Johnny Carson - The Best of the 70s and 80s,0.6
503669,The Ultimate Collection Starring Johnny Carson - The Best of the 80s and 90s,0.6
503696,Lascia stare i santi,0.6
503815,Timeless Moments from the Tonight Show Starring Johnny Carson - Volume 1 & 2,0.6
503817,Timeless Moments from the Tonight Show Starring Johnny Carson - Volume 3 & 4,0.6
503819,Timeless Moments from The Tonight Show Starring Johnny Carson - Volume 5 & 6,0.6
503820,Timeless Moments from The Tonight Show Starring Johnny Carson - Volume 7 & 8,0.6
503821,Timeless Moments from The Tonight Show Starring Johnny Carson - Volume 9 & 10,0.6
503823,Timeless Moments from The Tonight Show Starring Johnny Carson - Volume 11 & 12,0.6
503826,The Ultimate Collection Starring Johnny Carson - Johnny Goes Home,0.6
503827,The Ultimate Collection Starring Johnny Carson - 5.21.92 Episode,0.6
503828,The Ultimate Collection Starring Johnny Carson - The Final Show,0.658
503830,The Magic School Bus - Sees Stars,0.6
504054,Stars by the Pound,1.672
504710,Black Star: Autobiography of a Close Friend,0.6
505011,Thousand Yard Stare,3.978
505298,Lone Star Hate,0.6
505863,Star Trek I: Specter of the Past,0.85
505867,Star Trek II: Retribution,1.344
505868,Star Trek III: Redemption,1.1
506912,Death from Above: The Making of Starship Troopers,0.841
507052,Star Wars: The Force of Sound,1.564
507502,Of Starlight,0.6
507602,Stardancer,0.6
507771,Left Out,0.6
508118,Little Star,0.6
508120,The Rise and Fall of Jeremy Starr,0.656
508208,Stärker als die Liebe,1.341
508601,A Star Is Born World Premiere,1.289
508791,The Sun Is Also a Star,17.192
508982,The Stars Are the Eyes of Warriors,1.4
509061,Stopping and Starting,0.6
509139,Vance and Pepe,0.6
509640,Star Clock BC,0.6
509770,The Star Wars Suite – The Danish National Symphony Orchestra,0.6
509845,Starlings of the Screen,0.6
510022,A Star Is Stillborn,0.6
510244,Beneath a Starless Sky as Dark and Thick as Ink,0.6
510616,Stalked by a Reality Star,2.667
510947,Stariray,0.6
511055,Garden of Stars,0.671
511068,Starling,0.804
511777,The Moon & The Starr,0.6
512826,Stars of Eger,0.841
512896,FC Dinamo: FC Red Star – The War of Liberation Began at Maksimir Stadium,0.6
512978,Lincoln Sludd - Rock Star in Danger,0.6
513041,Fallen Star: Finding Home,0.84
513111,To the Stars,5.596
514042,Shaquille O'Neal Presents: All Star Comedy Jam: I'm Still Laughing,0.649
514153,The Potty Movie for Girls: Starring Hannah!,0.6
514239,Tricky Old Dogs,6.016
514294,The Lone Star Kid,0.877
514308,At Home With the Stars,0.6
515094,Vidivelli,0.6
515580,How Star Wars Was Saved in the Edit,1.356
515773,Star Wars Spoofs,2.223
515789,StarDog and TurboCat,11.346
517067,Under Stars,1.108
517316,Heart of Fartness: Troma's First VR Experience Starring the Toxic Avenger,0.856
518378,Bar Wrestling 9: February Stars,1.4
518710,Porcelain Stare,0.6
518735,Staring at Festive Herbie for 90 Minutes,0.6
518892,Deep Inside Clint Star,0.6
519285,With an All-star Cast,0.6
519375,The Stars Behind the Iron Curtain,1.097
519767,How the Old Man Traded It All Away,0.6
519896,Sesame Street All-Star 25th Birthday: Stars and Street Forever!,0.6
520548,"Ita Rina, a Film Star Who Declined an Invitation to Hollywood",0.6
520730,When the Starlight Ends,2.019
520734,Seine stärkste Waffe,1.091
521298,Star Wars Nothing But Star Wars,0.605
521410,Broken Star,4.468
522055,What We Left Behind: Looking Back at Star Trek: Deep Space Nine,6.558
522619,Pup Star: World Tour,4.18
524235,The All-Star Bond Rally,0.6
524334,Among the Stars,0.6
524414,Fits & Starts,0.6
526042,Star Wars Episode III.I Turn to the Dark Side,0.6
526464,Eiga Precure Super Stars!,1.153
527201,Stare Into the Lights My Pretties,1.224
527300,Star Wars: Master of Shadow,0.6
527654,American Justice: Charles Starkweather,0.6
527929,Star Waars!,0.6
528536,Shooting Stars in the Twilight,0.841
528596,Lone Star,0.6
528694,K-1 Star Wars '96,0.6
529377,"Wedding March 4: Something Old, Something New",5.288
529408,Star Trek: Voyager - Inside the New Adventure,1.137
529563,Earth Star Voyager: Part 2,1.07
529748,Fucked Like a Star,0.6
529821,Das schwache Geschlecht muss stärker werden - 17 Jahre Später,0.6
530578,The Legend of the Stardust Brothers,1.4
530780,Smokin' on the Moon,0.649
531282,Shooting Stars,0.6
531534,Star Soup,0.6
531926,Little Star,0.6
531944,Hanging On A Star,0.6
532123,Stark Electric Jesus,0.6
532321,Re:ZERO -Starting Life in Another World-: Memory Snow,13.632
533431,"Greg Morton: I Started Out, as a Baby",0.6
533504,The End of Old Beryozovka,0.6
533585,Star Paws,1.79
533721,The Stories: The Making of 'Rogue One: A Star Wars Story',3.396
533983,Up Among the Stars,3.888
533990,The Story of a Star,0.6
534042,Staring at the Sun,0.857
534603,Starring Austin Pendleton,1.449
535085,Once Upon a Time We were Stars,0.6
535101,It Starts with Murder!,0.6
536115,Godzilla: The Planet Eater,13.609
536519,Twenty Dollar Star,0.6
536888,Stars in the Park: The Right Now,0.6
537745,Night Of 100 Stars III,0.6
538003,Escaping Stars,0.6
538872,Attaboy Lou Star!,0.84
539849,Goodbye My Shooting Star,0.6
540294,Starlight Promises,0.832
540394,Star Wreck - Definitive Insideout,0.628
540665,Starting Strength,0.6
540913,Super Silver Star,0.614
541294,The Sea Starts at Village,0.6
541703,Night of 100 Stars,1.327
541715,Traveling the Stars: Ancient Aliens with Action Bronson and Friends - 420 Special,0.6
542369,Paper Stars,0.6
542713,Starfish,12.903
543112,Star Trek: Dark Horizon,0.6
543842,Overwatch Animated Short: Shooting Star,1.872
544613,Before a Falling Star Fades Away,0.6
544788,A Momentary Shooting Star,0.6
544947,Starstruck,0.6
545112,Armored Attack!,0.6
545752,Starbucks Unfiltered,2.569
546073,Vanity Fair: Jeanette Starion the Pet of the Year,1.4
546582,Jackie Coogan: The First Child Star,0.6
547597,The Star Rover,0.6
547764,Twinkle Twinkle Little Star & More Kids Songs: Super Simple Songs,0.6
548068,Star 34,0.6
548687,Starship Troopers,0.6
548928,The Marine 6: Close Quarters,10.595
548960,Stargrove,0.6
549008,StarCraft II: Heart of the Swarm,0.713
549828,Start the Show,0.6
550219,The Lone Star Ranger,0.6
550237,Swinging on a Star,1.744
550398,The Officer's Conduct,0.6
550846,A Crimson Star,0.6
551572,Tudo por um Pop Star,3.402
551591,Hugtto! Precure x Futari wa Precure: All Stars Memories,1.496
551839,Fragments of Stars Will Fall from the Sky and Disappear,0.6
552285,Round-the-world Stars,0.6
552779,Starting School,0.6
552833,Star Tours 3D - The Adventures Continue,0.734
552895,Stars on Horseback,0.6
552959,For Good Old Times,0.6
554861,A Star Is Born,0.6
555237,"The Star, the Rogue & the Kung Fu Kid",1.09
555292,Ultra Nyan: Extraordinary Cat who Descended from the Starry Sky,0.638
555953,Also Starring Austin,0.6
556212,Hedy Lamarr : l'Invention d'une star,0.655
556227,Mizar: The Star of Hope,0.6
556762,My Dream Class,0.84
557108,The Eye Was in the Tomb and Stared at Daney,0.6
557717,TurboFire: Fire Starter,0.6
557891,Star Wars: Dresca,0.6
559815,Shooting Stars,0.6
559971,Staring,0.6
560678,Our Stardust Dance,0.656
560691,Hold Back the Stars,0.6
560908,Moon and Stars,0.6
561599,Brenda Starr,0.6
562490,Holly Star,0.859
563117,Stars,0.6
563355,Puppy Star Christmas,2.041
563632,Dancing with the Stars: Cardio Dance,0.6
563682,The Stars and I Decided...,0.6
563753,Would You Like to Stargaze?,0.622
563766,5 Star Christmas,9.808
564161,Pingu in the City PINGU.STAR CHEF NI NARU,0.6
564262,PriPara: Everyone Shine! Sparkling☆Star Live,0.6
564853,WWE Starrcade 2018,0.705
565038,"The Butcher, the Star and the Orphan",0.6
565231,The Start of Life,0.6
565734,Starfire,0.6
565812,22 Minute Hard Corps: Cold Start,0.6
566105,Star Stuff: Carl Sagan and the Mysteries of the Cosmos,0.6
566109,Kolya and Old Women,0.6
566451,Re:ZERO -Starting Life in Another World-: Frozen Bonds,8.977
567097,Star Wars: Goretech,1.176
567141,Super Monsters and the Wish Star,7.47
567572,A Mistake in Sex Starter,0.6
569509,Star Shaped Scar,0.616
569530,Flesh and the Stars,0.6
569608,A Star For Jeremy,0.6
569822,Shooting the Hollywood Stars,0.6
569860,Starlet Screen Test II,0.6
570581,King of Prism: Shiny Seven Stars I - Prologue x Yukinojou x Taiga,1.4
570582,King of Prism: Shiny Seven Stars II - Kakeru x George x Minato,0.6
570695,MOTOI SAKURABA LIVE CONCERT STAR OCEAN & VALKYRIE PROFILE,0.655
571765,Star Power: The Creation Of United Artists,0.6
572633,You Are Brilliant Like a Spica,1.961
572798,Through Struggle to the Stars,0.6
573039,Mój stary,0.6
573374,Star Trek Voyager: Dark Frontier,0.6
573770,Rock N Roll Starship,0.6
573975,The Nighthawk Star,0.6
574161,Stargate: Base Gamma,0.6
574412,VeggieTales Holiday Double Feature: The Little Drummer Boy and The Star of Christmas,0.6
574738,The Raccoons and the Lost Star,0.84
575002,Dance with Death: The Ufa Star Sybille Schmitz,0.6
575063,Les FantastiX : La magie des stars,0.858
575293,Under The Stars Of Paris,1.502
575485,Saturday at the Starlight,0.84
576178,On the Starting Line,0.6
576269,HDScape StarGaze HD Universal Beauty,0.6
576393,Fall in Love at First Kiss,10.828
576695,It Started As a Joke,2.383
577023,A Gold Star Kid,0.6
577331,Stars on the Sea,0.6
577454,"The 90's, Startling End-Time Signs & YOUR Future",0.6
577968,Stardust,0.6
578017,These Stars Are Mine,0.6
578453,Stardancer's Waltz,0.6
578532,How does it start,1.161
578547,The Road to Stardom: The Making of A Star is Born,2.457
578870,Star Wars Uncut: Director's Cut,0.6
579400,Stardust,2.995
579456,You Only Die Twice,0.6
579754,Star War The Third Gathers: Backstroke of the West,1.261
580033,Pwdre Ser: the rot of stars,0.6
580119,The Roswell Crash: Startling New Evidence,0.6
580120,Quest for Atlantis: Startling New Secrets,0.6
581251,Chasing the Star,1.437
581404,Stargazing Challenges,0.844
581530,Start-Up,4.166
581829,Revue Starlight ―The LIVE― #1 revival,0.983
582665,Uta no☆Prince-sama♪ Maji Love 2000%: Shining Star Xmas,0.6
584509,Co-ed Starlets,0.621
584612,"Brenda Starr, Reporter",0.6
584781,On the Set: The Life Aquatic with Steve Zissou,0.745
584820,Serbian Gambit: Star and Death of Count Vronsky,0.6
584907,Star Fleet: The Thalian Space Wars,0.84
585655,How Stars are Made,0.6
585714,Stars in the Sky: A Hunting Story,3.102
585715,Kamen Rider OOO All Stars: The 21 Leading Actors and Core Medals,0.6
586008,NBA 2000 Stars for the New Millennium,0.6
586168,World Cup 2014 - Stars in Brazil,0.6
586180,"Star Wars: Tales of the Twin Suns, Episode One: Birth of a Monster",0.872
586273,Second Star on the Right,0.84
586962,Sundown Flown From Stars,0.6
588562,Story In The Stars,0.6
589113,APW: Before They Were Stars Volume 1,0.6
589274,Garantia and the Shooting Star,0.6
589373,Virtual Stars,0.6
589783,Happy Days: Falling Stars,0.6
589983,Mit starrem Blick aufs Geld,0.6
590253,The Starve,0.6
590533,META: Tom DeLonge - To The Stars,0.626
591490,A Burning Star (short version),0.6
591871,In the Starlight,0.6
591966,Star,0.6
592880,Mandya Star,0.6
593788,Heavenly Home Coming of Stars Part II,0.6
593900,Stary człowiek i pies,1.153
594428,Khutsiev. Action Starts!,0.6
595261,40 Years of Star Trek,1.169
595354,RED STARS,0.6
595813,Barb and Star Go to Vista Del Mar,4.115
596144,An All-Star Tribute to Joni Mitchell,1.341
596566,The Stars Also Die,0.6
596587,Stardust,0.6
597984,The Rock and the Stars,0.84
598222,It's in the Stars,0.6
598505,Falling Star,0.6
598767,Hungry Eagles,0.6
598858,Stardom 7th Anniversary,0.6
598897,Stardom Queen's Fest,0.611
598904,Stardom Dream Slam In Osaka,0.6
598905,Stardom Cinderella Tournament,0.6
599276,Stardom New Years Stars  Tag 3 (Evening Show),1.4
599278,Stardom New Year Stars Day 1,0.901
599279,Stardom New Years Stars  Tag 2,1.4
599866,Stars and Stripes,0.6
600109,A Snail Can Take Down a Starfish,0.6
601241,Lone Star Pioneers,0.6
601405,Turning of the Tide: The Ill-Starred Making of Moontide,0.6
602076,The Star Curtain Tantra,0.6
602134,Starlight: a Musical Movie,0.6
602310,Still Laugh-In: The Stars Celebrate,6.332
602783,RiffTrax Live: Star Raiders,0.6
603204,The Stars at Noon,0.6
603302,It All Started With a Stale Sandwich,0.84
603516,The Brand New Legend of the Stardust Brothers,0.6
604728,Zero Star Hotel,0.6
605108,When You Wish upon a Star,0.6
605223,Alicia Keys: From Start to Stardom,0.6
605786,Frankenpimp's Revenge: The Romeo and Juliet Massacre,0.84
605792,Star of Bethlehem,0.6
606263,How to Become a Star,0.73
606593,The Star on Wuling Mountain,0.6
606651,"Happy Birthday, Bob: 50 Stars Salute Your 50 Years with NBC",0.6
606679,The High Note,17.511
608687,Shaq's All Star Comedy Roast 2: Emmitt Smith,1.558
608930,The Diamond Star,0.6
609332,"Master P. Presents the Hood Stars of Comedy, Vol. 1",0.6
609797,Wandering Stars,4.947
609820,A Hand Sewn Star,0.6
610151,Susan Starr,0.6
611454,Starts Wednesday,0.6
611498,Chuck Berry & Bo Diddley: Rock 'n' Roll All Star Jam,0.6
611652,Stare,1.338
612196,Starcache,0.6
613278,A Star of the Screen,0.626
613298,Bonfires and Stars,0.6
613465,Koravi starcheta,0.6
613714,Phantasy Star Online 2 -ON STAGE-,0.6
615216,Starlight Brigade,1.843
615466,All Together Now,1.681
615533,All Star Week: Parties And Freaks,0.842
616248,Stargazing: Moon and Beyond,0.84
616482,Star Spangled Banner,1.34
617240,Stardust,0.916
617266,Ruling Star,0.6
617773,Western Stars,6.196
618340,Legends In Concert: Ringo Starr,0.6
618997,The Accursed Stare,0.6
619258,A Dance Like Starlight: One Ballerina's Dream,0.6
619374,Old-Timers,1.136
620459,Making Morning Star,1.1
620703,Starman,0.6
620824,Aikatsu Stars! The Movie,1.4
621000,everyday star,0.84
621691,Life History of a Star,0.6
622825,Star: Radiant Love,1.227
623510,The Intimate Stars,0.6
623739,Star Beast,0.6
623995,Stars of Cabaret,0.6
624044,Tyrant Star,0.6
624332,Olympic “Star”,0.6
624371,Star Wars: Galaxy's Edge - Adventure Awaits,1.357
624476,The 100 Funniest Moments of the 20th Century: Favorite Moments of the Stars,0.6
624482,Star Light,1.4
625063,Pataliro! Stardust Program,0.6
625130,Jade: The Reality Star Who Changed Britain,0.84
625535,The Rising Star Kindergarten,0.6
625625,Buzz Lightyear of Star Command - The Emperor's New Throne,0.6
625771,80 Day Obsession: Quick Start Tips,0.6
626271,The Landscapes of Ghibli ~ A Journey to Reach the Starting Point of Directors Isao Takahata and Hayao Miyazaki ~,0.846
627050,Silver Stars on Red Velvet,0.6
627368,Woody Guthrie All-Star Tribute Concert 1970,0.625
627479,Christmas Stars,2.853
627486,Battle of the Christmas Movie Stars,0.711
628037,Variety Stars,0.6
628049,Fist Of Stardom,0.6
628053,Happy Old Year,4.588
628156,Red Eleven: Starry Eyes,1.4
628262,Famous and Fatal,5.782
628625,Dagny - life starts at one hundred,0.6
629268,Hawaiian Starlight,0.6
629875,Symbiotic Earth: How Lynn Margulis rocked the boat and started a scientific revolution,1.737
629985,Christmas Under the Stars,5.054
631307,ODYSSEY: A Star Wars Story,0.6
632851,WWE: Greatest Stars Of The 90's,1.523
632944,The Faceless Star,0.6
633884,How Far The Stars,1.4
633972,Starboy,1.4
634491,Sole Survivor: Interview with Star Brooke Adams,0.6
634589,'Reliance' and 'Shamrock III' Jockeying and Starting in First Race,0.6
635908,A Bright Star at the Stake,0.626
636019,Starman from Heaven,0.6
636608,Melanie C: Northern Star Documentary,0.6
636794,Trzy starty,0.6
636963,Star☆Twinkle Precure: Hoshi no Uta ni Omoi wo Komete,0.953
638615,The City of Stars: A Reporters Visit to the Universal Studios,0.6
638738,The Empire Strikes Door (A Star Wars Mystery),3.347
639414,Dolly Kitty and Those Twinkling Stars,1.4
639513,Starship Girl Yamamoto Yohko,0.6
639696,Greta Garbo: A Lone Star,0.655
641081,Starving Boys,0.6
642190,The Star Maker,1.71
642682,Gold Star,0.6
642873,Whatever Happened to Suzie Star?,0.6
643575,2nd Unit: Invisible Action Stars,0.6
643635,The 6th Annual Sears Soul Train Christmas Starfest,0.842
643644,The A350: Star of the Skies,2.092
643771,An Old Pot,0.6
644096,Starting Point,0.871
644933,Ultraman Kids M7.8 Star of Young Friends,0.6
645070,"T.D. Jakes Presents: Follow The Star""""",0.6
645279,Aikatsu!: Dai Starmiya Ichigo Matsuri Zenyasai!!,0.6
645439,Revue Starlight: Rondo Rondo Rondo,2.145
645440,Revue Starlight: The Movie,0.6
645616,The 7th Annual Soul Train Christmas Starfest,0.6
646652,Stronger Than a Bullet,1.257
646752,Macaroni and Stars,0.6
646990,Transform 20 Extra - Start & Mod Help,0.6
647008,Transform 20 Get Started - Step Safety,0.6
647009,Transform 20 Get Started - Sample Workout,0.6
647010,Transform 20 Get Started - Preview,0.6
647011,Transform 20 Get Started - How To Modify,0.6
647012,Transform 20 Get Started - Get Ready To Transform,0.621
647054,Old Town,0.6
647248,Star Wars: Contract of Evil,0.6
647721,Under the Cold Stars,0.916
648572,Vic the Viking and the Magic Sword,7.186
649119,Strangled Starlets,0.6
649280,False Start,0.6
649790,"Fist of the North Star - TV Compilation 1 - Yuria, Forever... and Farewell Shin!!",1.121
649866,"Fist of the North Star - TV Compilation 2 - Six Sacred Fists of Nanto! Rei, the Star of Justice",0.84
649873,Fist of the North Star - TV Compilation 3 - Legend of the Conqueror of Century's End - Raoh Must Die!,1.09
651489,Star Trap,0.6
651541,THE BLACK MAGES III Darkness and Starlight LIVE,0.6
651847,Star,0.6
652295,A Star Named Sonja,0.6
652480,The Starlight Heist,0.6
652870,WWE Starrcade,1.129
653162,A Star Travels South,1.4
653445,Stardust,0.6
653536,Stab in the Dark: All Stars,0.6
653998,The Stars We Are,0.6
654663,Robot Chicken: Star Wars Trilogy,0.84
655460,Shadow Of The Star,18.379
655835,Crest of the Stars Special Edition,0.871
655970,The All-Star Christmas Show,0.6
656161,Toy Empire: The British Force Behind Star Wars Toys,0.6
656331,The Thief Who Stared at the Thief,0.614
656356,The Starr Sisters,1.4
656580,StarKid Homecoming,4.413
657296,Star Wars Dreams,0.6
657344,Star of Jaipur,0.6
657490,The Rock Star and the Mullahs,0.6
657735,Starmaker,0.6
657993,Starting Up Love,2.944
658019,Norman the Snowman: On a Night of Shooting Stars,0.6
658037,Star and Flower,0.6
658336,The Galaxy Britain Built: The British Force Behind Star Wars,3.314
658490,Kukonlaulusta kukonlauluun,0.6
659076,"PSO"" Series 15th Anniversary Concert ""Sympathy 2015"" Live Memorial""",0.6
659114,The Mythology of Star Wars,0.89
659220,Hibi Rock: Puke Afro and the Pop Star,0.6
659312,Filthy Betrayal: New Start?,0.6
659625,LIVE SYMPATHY 2018 Phantasy Star Series 30th Anniversary,0.614
659894,King of Prism All Stars: Prism Show Best Ten,0.6
660458,Invasion of the Dark Stars,0.6
660650,Starz Inside: Hollywood Goes Gaming,0.6
660906,Star Wars: The World Invasion,0.6
660954,Star Wars: Hoshino,0.6
661119,My Star,1.4
661189,Shine On Sweet Starlet,0.6
661267,Starlight,0.84
661440,Star Académie 2003,0.6
661882,Autumn Star,0.6
662453,AOC: A Star Is Born,0.6
662545,Stare,0.6
662628,StarGeeks,0.6
663520,Worin unsere Stärke besteht,2.628
664898,My Strange Elder Brother,0.6
665098,Lone Star Holy War,0.6
665370,Conquering Fate,0.6
665718,ROH All Star Extravaganza 2,0.6
665830,The Old Master,0.6
666513,Ensemble Stars! On Stage,0.6
666515,Ensemble Stars! On Stage ~Take Your Marks!~,0.6
666517,Ensemble Stars! On Stage ~To the Shining Future~,0.6
666522,Ensemble Stars! On Stage ~Memory of Marionette~,0.6
666523,Ensemble Stars! On Stage ~Judge of Knights~,0.6
666524,Ensemble Stars! On Stage ～Destruction × Road～,0.6
666525,Ensemble Stars! On Stage ~Night of Blossoming Stars~,0.6
666526,Ensemble Stars! On Stage ~Festival~,0.6
666717,Staring at the Sun,0.6
666857,A Star Named Wormwood,1.341
667000,King of Prism: Shiny Seven Stars III - Leo x Yuu x Alexander,0.6
667001,King of Prism: Shiny Seven Stars IV - Louis x Shin x Unknown,0.6
667574,Battle Star Wars,5.564
668178,How to Colonise the Stars,0.6
668707,The Strange But Unknown Star,0.841
669270,Starr Gate to Fleetwood: Open Top Blackpool Tram Ride,0.6
669575,Starview HCT-5808,0.6
669700,Symphony to the Planets: A Star to Call Home,0.6
670988,Count Me the Stars,0.6
671261,Startup Generation,0.6
672184,City Starry Sky,0.6
672296,Staring Pictures,0.6
672966,Video Stars,0.6
673816,The Boy Foretold By the Stars,0.6
674391,Stars,0.6
674476,Udo Lindenberg: Stärker als die Zeit,0.6
674761,Certain Stars,0.6
674763,Distant Star,0.6
674775,Howie Mandel's 5th Annual All-Star Gala,1.4
675274,The Ventures: Stars on Guitars,1.4
675291,Kenobi: A Star Wars Story,1.409
675767,Les Mills Combat - Combat Kick Start,0.6
676149,All-Star Topless Arm Wrestling,1.09
676180,A Tale of a Thousand Stars,0.6
676355,Billion Star Hotel,0.6
676511,Claudette's Star,1.4
681133,"The Sea, The Stars, A Landscape",0.6
681992,Transworld - Starting Point 1,0.6
681994,Transworld - Starting Point 3,0.6
682316,Starship Girl Yamamoto Yohko II,1.091
682677,Transworld - Starting Point 2,0.6
683045,Mahatma Gandhi: 20th Century Prophet,0.6
683088,"Like the Grave of a Stone, Like the Cradle of a Star",0.6
684182,Star Wars: The Force And The Fury,0.6
684957,"Leia Organa - A Princess, A General, A Mentor | Star Wars Galaxy of Adventures",0.6
685016,Press [FIRE] to Start!,0.6
686035,Star Trek: Renegades,1.432
686123,Roadrunner Records: The Making of the All Star Sessions,0.6
686208,The Starfish,0.6
686650,Starian,0.6
686972,Scandinavian Star,1.336
687009,Star Wars: Beyond The Dune Sea,0.6
687312,Night Star,0.6
687813,Stars' War - The Flight of the Wild Geese,0.6
689118,Starry Night: Wheels on Mars,0.6
689250,Thomas Verbogt - I started writing when I was three,1.363
689518,Stella for Star,0.6
689748,"Shiny Stars, Rusty Red",0.6
689930,Mobile Suit Gundam 0083: Stardust Memory Picture Drama - The Mayfly of Space 2,0.6
690208,Star Wars: Path of the Jedi,0.6
690809,Let’s Just Get It Started,0.6
690959,Fist of The North Star: Legend of Heroes,0.6
691016,Star Wars: Origins,0.6
691157,Curse of the Sunset Starlet,0.6
691162,Berg Wars - Minecraft Star Wars Fan Film,1.538
691357,Starting Something,0.841
691537,Rifftrax Live: Starship Troopers,0.6
691680,Every Nigger Is a Star,0.6
691694,Starman,1.205
691739,George Carlin on The Tonight Show Starring Johnny Carson,0.6
691899,Dale Watson And His Lone Stars: For Fans Only Live,0.6
692203,Track Stars,0.6
692216,War of Stars,0.6
692285,Jessica Tandy: Theatre Legend to Screen Star,1.091
692292,Eastwood... A Star,1.091
692469,ROH: Stars of Honor,0.84
693984,The Spark Ignites - A Star Wars Fan Film,0.83
694356,Second Star to the Right and Straight On til Morning,0.6
694398,The Blue Star,0.6
694872,Sailors Without Stars,0.6
694956,The Original Viral Star,1.4
695118,The London Studios: Home of the Stars,0.882
695565,Staring at Socks,0.6
695841,sun moon stars rain,0.6
695926,Starkare än lagen,0.841
695937,Starring: Rosa Furr... and Other Queer Tales,0.6
696937,Shooting Stars,0.6
696973,Deaf Mute Recitation,0.6
697507,Star Wars: Project 4K77,0
698981,If The Edges Start to Hurt,0.6
699670,Ícaro and the Black Stars,0.6
700189,"Hyper Projection Play Haikyuu!!"" The Start of the Giant""",0.6
700313,Magic Star Traveler Volume 1,0.6
700317,The Being Who Fell from the Stars,0.6
700330,Untitled Taika Waititi Star Wars Film,1.434
700448,Star Wars: The Clone Wars - The Nightsisters Trilogy,0.6
700549,I'm Starving,0.6
700835,David Bowie: The Rise And Fall of Ziggy Stardust and the Spiders From Mars,0.6
700850,A Sky Full of Stars,0.6
701534,Vytor: The Starfire Champion,0.6
701628,Evening Star,0.6
701850,Star Cat Fullhouse,0.84
702061,All-Star Christmas,0.6
702440,LEGO Star Wars: The New Yoda Chronicles – Duel of the Skywalkers,0.6
702622,Hello! Project 2005 Winter All-Stars Dairanbu ~A HAPPY NEW POWER! Iida Kaori Sotsugyou Special~,0.6
702993,Are We There Yet? Starring Miles the Goose,0.6
703015,The State's 43rd Annual All-Star Halloween Special,0.92
703879,Starling,0.6
703941,The Hour of the Star,1.335
703971,Fairground in the Stars,0.6
705005,Star Trek's Favorite Moments,0.6
705749,Basilisk Stare,0.6
705805,A New Boy Started Today,0.6
705858,The Star,0.6
705889,Platinum Comedy Series: Roasting Shaquille O'Neal,1.846
705945,Kaoso: A Star Wars Story,0.6
706253,The Star Trek Story,0.6
706347,A Shot or It All Started on Saturday,0.6
706997,Star of the Sea,0.6
707097,StarGirl,0.663
707655,DIIV - Starting Now,0.6
707689,Riccardo that Bounced On to the Stars,0.6
707694,Stardust Over The Town,0.6
707993,The Stars Are Aligned,0.6
708410,Go! Anpanman: The Shining Star's Tear,0.6
708594,In a Time of War,0.691
708608,Stardate Revisited: The Origin of Star Trek - The Next Generation,0.6
708612,Making It So: Continuing Star Trek - The Next Generation,0.6
708689,Resistance Is Futile: Assimilating Star Trek -The Next Generation,0.691
708691,Relativity: The Family Saga of Star Trek - The Next Generation,0.6
708693,Requiem - A Remembrance of Star Trek: The Next Generation,0.6
708695,Beyond the Five Year Mission: The Evolution of Star Trek - The Next Generation,0.667
708698,The Sky's the Limit - The Eclipse of Star Trek: The Next Generation,0.688
709076,L'étoile de Sang,1.09
709168,Starting Now!,0.6
709599,"Operation Blue Line, Starring: Teenage Mutant Ninja Turtles",0.6
709915,Star Of The Circus,0.6
710495,Bucketheads: A Star Wars Story,0.655
710583,Stardust,0.6
710743,Starcrypt,0.6
711465,Children of the Dog Star,0.84
711585,Water Planet,0.966
711755,The Nargun and the Stars,0.6
711773,Starblanket,0.6
711943,Nova Star,0.6
712005,Warm Star,1.132
712190,AWA StarCage 1985,0.6
712347,Timperley Testcard Transmissions: Starring Frank Sidebottom & Little Frank,0.6
712409,Christmas Stars,0.6
712439,Star Wars Resistance: The Escape,0.6
713680,Fresh Starts 4 Stale People,0.6
713695,Star Wars vs. Star Trek: The Rivalry Continues,0.6
714422,Stas Starovojtov: The Solo Concert,0.6
715044,American Rap Stars 2,0.921
715143,The Starfish,0.6
715214,When Does a Banknote Start to Burn ?,0.6
715381,Improv All Stars: Games Night,0.6
715836,Start,0.6
716340,Trash and No Star!,0.6
716921,The Star of Eros,0.6
716936,Franky Five Star,0.6
718433,Star Wars: Episode VIII - The Last Jedi: Anti-Cringe-Cut,2.206
718435,Star Wars: Episode IX - The Rise of Skywalker: Anti-Cringe-Cut,1.514
718494,Star Wars The Clone Wars: The Siege of Mandalore,1.4
718756,Planet X - Dark Red Star on a Collision Course With Earth,0.6
719316,Star,0.6
719816,"Columbia Pictures Cartoons, Vol. 1: Starring Mr. Magoo",0.6
719819,Columbia Pictures cartoons. Vol. 2 : starring Mr. Magoo,0.6
719821,Columbia Pictures Cartoons Vol. 5: Starring Mr. Magoo,0.6
719822,Columbia Pictures Cartoons Vol. 7: Starring Mr. Magoo,0.6
720668,One Star Less in the Sky,0.6
720733,Aliens and Atlantis: Stargates and Hidden Realms,0.6
721246,Space Between Stars,0.6
721334,Star Wars: Episode III - Making the Game,0.6
721391,Musical Star,0.6
721600,Pavel Klushantsev - To the Stars!,0.6
721838,Aola Star,0.6
722092,Model Starship,0.6
722249,The Stars Look Tired,0.858
722511,This Is How It Starts,0.6
722576,Ringo Starr’s Big Birthday Show,5.931
723230,Starless Streams: A Boyle Standalone Film,3.896
723454,A Blank Stare,0.6
723831,My Images Have Started Fucking,0.6
723873,Startup Girls,0.6
723885,The Star of Bethlehem,0.6
724435,Star Wars: The Clone Wars - The Siege of Mandalore,1.792
724825,AGFA MYSTERY MIXTAPE #4: FOLLOW YOUR OWN STAR,2.744
724968,Bad Stars: Chemical Valley,0.6
725353,Jasmine Star,0.6
726152,The Ape Star,1.925