11,Princess Leia is captured and held hostage by the evil Imperial forces in their effort to take over the galactic Empire. Venturesome Luke Skywalker and dashing captain Han Solo team together with the loveable robot duo R2-D2 and C-3PO to rescue the beautiful princess and restore peace and justice in the Empire.
62,"Humanity finds a mysterious object buried beneath the lunar surface and sets off to find its origins with the help of HAL 9000, the world's most advanced super computer."
152,"When a destructive space entity is spotted approaching Earth, Admiral Kirk resumes command of the Starship Enterprise in order to intercept, examine, and hopefully stop it."
154,Admiral James T. Kirk is feeling old; the prospect of accompanying his old ship the Enterprise on a two week cadet cruise is not making him feel any younger. But the training cruise becomes a life or death struggle when Khan escapes from years of exile and captures the power of creation itself.
157,Admiral Kirk and his bridge crew risk their careers stealing the decommissioned Enterprise to return to the restricted Genesis planet to recover Spock's body.
168,"Fugitives of the Federation for their daring rescue of Spock from the doomed Genesis Planet, Admiral Kirk (William Shatner) and his crew begin their journey home to face justice for their actions. But as they near Earth, they find it at the mercy of a mysterious alien presence whose signals are slowly destroying the planet. In a desperate attempt to answer the call of the probe, Kirk and his crew race back to the late twentieth century. However they soon find the world they once knew to be more alien than anything they've encountered in the far reaches of the galaxy!"
172,Capt. Kirk and his crew must deal with Mr. Spock's half brother who kidnaps three diplomats and hijacks the Enterprise in his obsessive search for God.
174,"On the eve of retirement, Kirk and McCoy are charged with assassinating the Klingon High Chancellor and imprisoned. The Enterprise crew must help them escape to thwart a conspiracy aimed at sabotaging the last best hope for peace."
193,Captain Jean-Luc Picard and the crew of the Enterprise-D find themselves at odds with the renegade scientist Soran who is destroying entire star systems. Only one man can help Picard stop Soran's scheme...and he's been dead for seventy-eight years.
199,"The Borg, a relentless race of cyborgs, are on a direct course for Earth. Violating orders to stay away from the battle, Captain Picard and the crew of the newly-commissioned USS Enterprise E pursue the Borg back in time to prevent the invaders from changing Federation history and assimilating the galaxy."
200,"When an alien race and factions within Starfleet attempt to take over a planet that has regenerative"" properties"
201,"En route to the honeymoon of William Riker to Deanna Troi on her home planet of Betazed, Captain Jean-Luc Picard and the crew of the U.S.S. Enterprise receives word from Starfleet that a coup has resulted in the installation of a new Romulan political leader, Shinzon, who claims to seek peace with the human-backed United Federation of Planets. Once in enemy territory, the captain and his crew make a startling discovery: Shinzon is human, a slave from the Romulan sister planet of Remus, and has a secret, shocking relationship to Picard himself."
212,"Mortimer Brewster, a newspaper drama critic, playwright and author known for his diatribes against marriage, suddenly falls in love and gets married;  but when he makes a quick trip home to tell his two maiden aunts, he finds out his aunts' hobby - killing lonely old men and burying them in the cellar!"
411,"Siblings Lucy, Edmund, Susan and Peter step through a magical wardrobe and find the land of Narnia. There, the they discover a charming, once peaceful kingdom that has been plunged into eternal winter by the evil White Witch, Jadis. Aided by the wise and magnificent lion, Aslan, the children lead Narnia into a spectacular, climactic battle to be free of the Witch's glacial powers forever."
563,"Set in the future, the story follows a young soldier named Johnny Rico and his exploits in the Mobile Infantry. Rico's military career progresses from recruit to non-commissioned officer and finally to officer against the backdrop of an interstellar war between mankind and an arachnoid species known as the Bugs""."""
679,"When Ripley's lifepod is found by a salvage crew over 50 years later, she finds that terra-formers are on the very planet they found the alien species. When the company sends a family of colonists out to investigate her story‚Äîall contact is lost with the planet and colonists. They enlist Ripley and the colonial marines to return and search for answers."
935,"After the insane General Jack D. Ripper initiates a nuclear strike on the Soviet Union, a war room full of politicians, generals and a Russian diplomat all frantically try to stop the nuclear strike."
940,"On a train headed for England a group of travelers is delayed by an avalanche. Holed up in a hotel in a fictional European country, young Iris befriends elderly Miss Froy. When the train resumes, Iris suffers a bout of unconsciousness and wakes to find the old woman has disappeared. The other passengers ominously deny Miss Froy ever existed, so Iris begins to investigate with another traveler and, as the pair sleuth, romantic sparks fly."
1410,"A low-budget, sci-fi satire that focuses on a group of scientists whose mission is to destroy unstable planets. 20 years into their mission, they have battle their alien mascot, that resembles a beach ball, as well as a sensitive and intelligent bombing device that starts to question the meaning of its existence."
1771,"During World War II, Steve Rogers is a sickly man from Brooklyn who's transformed into super-soldier Captain America to aid in the war effort. Rogers must stop the Red Skull ‚Äì Adolf Hitler's ruthless head of weaponry, and the leader of an organization that intends to use a mysterious device of untold powers for world domination."
1884,"The Towani family civilian shuttlecraft crashes on the forest moon of Endor. The four Towani's are separated. Jermitt and Catarine, the mother and father are captured by the giant Gorax, and Mace and Cindel, the son and daughter, are missing when they are captured. The next day, the Ewok Deej is looking for his two sons when they find Cindel all alone in the shuttle (Mace and Cindel were looking for the transmitter to send a distress call), when Mace appears with his emergency blaster. Eventually, the four-year old Cindel is able to convince the teenage Mace that the Ewoks are nice. Then, the Ewoks and the Towani's go on an adventure to find the elder Towanis."
1891,"The epic saga continues as Luke Skywalker, in hopes of defeating the evil Galactic Empire, learns the ways of the Jedi from aging master Yoda. But Darth Vader is more determined than ever to capture Luke. Meanwhile, rebel leader Princess Leia, cocky Han Solo, Chewbacca, and droids C-3PO and R2-D2 are thrown into various stages of capture, betrayal and despair."
1892,"Luke Skywalker leads a mission to rescue his friend Han Solo from the clutches of Jabba the Hutt, while the Emperor seeks to destroy the Rebellion once and for all with a second dreaded Death Star."
1893,"Anakin Skywalker, a young slave strong with the Force, is discovered on Tatooine. Meanwhile, the evil Sith have returned, enacting their plot for revenge against the Jedi."
1894,"Following an assassination attempt on Senator Padm√© Amidala, Jedi Knights Anakin Skywalker and Obi-Wan Kenobi investigate a mysterious plot that could change the galaxy forever."
1895,The evil Darth Sidious enacts his final plan for unlimited power -- and the heroic Jedi Anakin Skywalker must choose a side.
2102,A huge solar flare is predicted to fry the Earth. Astronauts aboard the spaceship Helios must go to the Sun to drop a bomb equipped with an Artificial Intelligence (Freddy) and a Japanese pilot (as a back up if the Artificial Intelligence fail) at the right time so the flare will point somewhere else.
2115,"Fox and Jett play a brother and sister who are lead performers in a rock band, The Barbusters, in Cleveland, Ohio. The sister, Patti Rasnick, is an unmarried mother and has a troubled relationship with her own mother, who is deeply religious. Estranged from her parents and struggling to make ends meet, Patti decides to dive headlong into a carefree rock music lifestyle. The brother, Joe Rasnick, pulls away from rock music to provide some stability for his young nephew. It takes a family crisis to bring Patti back home and force her to face the prickly past with her mother."
2164,"An interstellar teleportation device, found in Egypt, leads to a planet with humans resembling ancient Egyptians who worship the god Ra."
2215,"Magdalena and Michael have loved each other since they were children. But when the Nazis come to power, Michael rebels against the regime and is sentenced to fifteen years in a concentration camp. Magdalena, meanwhile, goes underground with the help of a friend and later immigrates to the Soviet Union. Michael, who has joined the Red Army, discovers on the way to Moscow that Magdalena is staying there. But when his plane lands, she is already on her way back to Germany. Michael hopes that one day, he and Magdalena will be reunited."
2270,"In a countryside town bordering on a magical land, a young man makes a promise to his beloved that he'll retrieve a fallen star by venturing into the magical realm. His journey takes him into a world beyond his wildest dreams and reveals his true identity."
2357,"An actor who is considering the role of a supermarket manager arrives at a grocery store on the outskirts of Los Angeles to do some field research. He subsequently becomes stranded, without a car or cell phone, and accepts a ride home with Scarlet, a cashier who is about to interview for a new job. The actor rediscovers the essence of his craft while helping Scarlet gain the confidence she needs to change her life."
2405,"The Biblical story of Joseph, who was sold to slavery by his brothers who were jealous of his prophetic abilities to analyze dreams and of his being their fathers' favorite."
2712,"In this inspiring tale from the book of Genesis, young shepherd Jacob (Matthew Modine) falls in love with and wants to marry Rachel (Lara Flynn Boyle), the daughter of his Uncle Laban (Giancarlo Giannini). Lacking a dowry, Jacob toils seven years as his uncle's indentured servant to win Rachel's hand. But calculating Laban dupes him into another seven years of labor. Irene Papas portrays Jacob's iron-willed mother."
2719,"An ordinary man is called upon by God to do the impossible in this lovingly told production of the Old Testament story. When the Pharaoh of Egypt begins to tighten the noose on his Jewish slaves, Moses (Ben Kingsley) leads them to freedom. Philip Stone, Anthony Higgins, Anton Lesser and Anita Zagaria are featured in this award-winning installment from TNT's greatest stories of the Bible"" series directed by Roger Young."""
2748,This deceptively simple tale of a bored English couple travelling to Italy to find a buyer for a house inherited from an uncle is transformed by Roberto Rossellini into a passionate story of cruelty and cynicism as their marriage disintegrates around them.
2764,"Leading up to their 500th match, the late twenty-something members of a Dutch amateur soccer team have their intimate bond put to the test as they each find themselves facing increasing responsibilities off the pitch."
2909,"A retro '70s vision of the future, IN THE DUST OF THE STARS was made by the DEFA film studio. A radio signal attracts a team of astronauts to a mysterious planet. Once there, they are warmly welcomed by an alien race, but are soon suspicious of what is really occurring on this strange land."
3111,"A movie star helps a young singer/actress find fame, even as age and alcoholism send his own career into a downward spiral."
3480,"In Montauban in 1944, Julien Dandieu in a surgeon in the local hospital. Frightened by the German army entering Montauban, he asks his friend Francois to drive his wife and his daughter in the back country village where Julien has an old castle. One week later, Julien decided to meet then for the week end, but the Germans are already occupying the village."
4338,"A mental patient escapes from the looney bin in drag, robs a bank, and goes on the lam!"
4826,Just the night before his retirement District Attorney Saracini is given a film showing the kidnapping of Aldo Moro.  As the District Attorney takes on the case he along with his team finds more compelling and secretive evidences.  Too many secrets are found that should stayed as secrets.
4834,The film consists of several small episodes that take place in and around Munich.
4959,"An interpol agent and an attorney are determined to bring one of the world's most powerful banks to justice. Uncovering money laundering, arms trading, and conspiracy to destabilize world governments, their investigation takes them from Berlin, Milan, New York and Istanbul. Finding themselves in a chase across the globe, their relentless tenacity puts their own lives at risk."
5506,"A gang of five diverse oddball criminal types rent a two-room apartment in an old house on a London cul-de-sac from an octogenarian widow with three pet parrots. The group's mastermind, Professor Marcus, tells her a cover story that they are members of an amateur string quintet and would like to use the rooms to hone their musical skills. In reality, they're plotting to rob an armored bank van and plan to use Mrs. Wilberforce's naivet√© and her Victorian sensibilities to their advantage."
5516,"An eccentric, if not charming Southern professor and his crew pose as a band in order to rob a casino, all under the nose of his unsuspecting landlord ‚Äì a sharp old woman."
6436,"A bunch of young and impulsive space cadets make their first real flight in space and realize that the attack they suffered wasn't a training mission. They face the Enemy alone and have the chance to save the world, and maybe to prevent the war? Can the cadets conquer the more experienced, stronger and much more evil enemy? (Written by Peter 'grin' Gervai  )"
6977,"Llewelyn Moss stumbles upon dead bodies, $2 million and a hoard of heroin in a Texas desert, but methodical killer Anton Chigurh comes looking for it, with local sheriff Ed Tom Bell hot on his trail. The roles of prey and predator blur as the violent pursuit of money and justice collide."
7288,"When a young couple buys their dream home, they have no idea what the sweet little old lady upstairs is going to put them through!"
7508,"Ishaan Awasthi is an eight-year-old whose world is filled with wonders that no one else seems to appreciate. Colours, fish, dogs, and kites don't seem important to the adults, who are much more interested in things like homework, marks, and neatness. Ishaan cannot seem to get anything right in class; he is then sent to boarding school, where his life changes forever."
8413,"In 2047 a group of astronauts are sent to investigate and salvage the starship 'Event Horizon' which disappeared mysteriously 7 years before on its maiden voyage. With its return, the crew of the 'Lewis and Clark' discovers the real truth behind the disappearance of the 'Event Horizon' ‚Äì and something even more terrifying."
8859,"Jesse and Chester, two bumbling stoners, wake up one morning from a night of partying and cannot remember where they parked their car. They encounter a variety of people while looking for it, including their angry girlfriends, an angry street gang, a transexual stripper, a cult of alien seeking fanatics, and aliens in human form looking for a mystical device that could save or destroy the world."
9384,"Join uptight David Starsky and laid-back Ken Hutch"" Hutchinson as they're paired for the first time as undercover cops. The new partners must overcome their differences to solve an important case with help from street informant Huggy Bear and persuasive criminal Reese Feldman."""
9425,"Sergeant Todd is a veteran soldier for an elite group of the armed forces. After being defeated by a new breed of genetically engineered soldiers, he is dumped on a waste planet and left for dead. He soon interacts with a group of crash survivors who lead out a peaceful existence. The peace is broken as the new soldiers land on the planet to eliminate the colony, which Sergeant Todd must defend."
9663,"When an alien takes the form of a young widow's husband and asks her to drive him from Wisconsin to Arizona, the government tries to stop them."
9784,A top Hollywood talent agent finds his cushy existence threatened when he discovers that his wife is cheating on him and that his journal has been swiped by a reporter out to bring him down.
9820,"Hallie Parker and Annie James are identical twins separated at a young age because of their parents' divorce. unknowingly to their parents, the girls are sent to the same summer camp where they meet, discover the truth about themselves, and then plot with each other to switch places. Hallie meets her mother, and Annie meets her father for the first time in years."
9821,"This tells the story of a strong friendship between a young boy with Morquio's syndrome and an older boy who is always bullied because of his size. Adapted from the novel, Freak the Mighty, the film explores a building of trust and friendship. Kevin, an intelligent guy helps out Maxwell to improve his reading skills. In return, Kevin wants Maxwell to take him out places since he is not allowed out unauthorized. Being the social outcasts of the town, Kevin and Maxwell come to realize that they are similar to each other and accept that they are freaks"" and nothing will stop them."""
9989,A computer programmer's dream job at a hot Portland-based firm turns nightmarish when he discovers his boss has a secret and ruthless means of dispatching anti-trust problems.
10044,"Two Hong-Kong cops are sent to Tokyo to catch an ex-cop who stole a large amount of money in diamonds. After one is captured by the Ninja-gang protecting the rogue cop, the other one gets his old Orphanage gang, dubbed the Five Lucky Stars"
10243,A cargo aircraft crashes in a sandstorm in the Sahara with less than a dozen men on board. One of the passengers is an airplane designer who comes up with the idea of ripping off the undamaged wing and using it as the basis for a replacement aircraft they will build to escape before their food and water run out.
10304,"In the sequel to Paul Verhoeven's loved/reviled sci-fi film, a group of troopers taking refuge in an abandoned outpost after fighting alien bugs, failing to realize that more danger lays in wait."
10313,"A reporter in Iraq might just have the story of a lifetime when he meets Lyn Cassady, a guy who claims to be a former member of the U.S. Army's New Earth Army, a unit that employs paranormal powers in their missions."
10349,"Thad Beaumont is the author of a highly successful series of violent pulp thrillers written under the pseudonym of ‚ÄòGeorge Stark‚Äô, but when he decides to ‚Äòkill-off‚Äô his alter-ego in a mock ceremony, it precipitates a string of sadistic murders matching those in his pulp novels, which are soon discovered to be the work of Stark himself. Looking like a maniacal version of his counterpart, Stark is not so willing to quit the writing game ‚Äì even if it means coming after Thad's wife and their baby."
10372,"The army of the Marauders, led by by King Terak and the witch Charal attack the Ewoks village. The parents and the brother of Cindel all die in this attack. Cindel and the Ewok Wicket escape and in a forrest they meet Teek a naughty and very fast animal. Teek takes them to a house in which a old man, Noa, lives. Like Cindel he also crashed with his Starcruiser on Endor. Together they fight Terak and Charal."
10696,"A young woman is catapulted into pop stardom, with her already-famous DJ boyfriend calling the shots."
10768,"Damien Thorn (Sam Neill) has helped rescue the world from a recession, appearing to be a benign corporate benefactor. When he then becomes U.S. Ambassador to England, Damien fulfills a terrifying biblical prophecy. He also faces his own potential demise as an astronomical event brings about the second coming of Christ."
10869,The living Volkswagen Beetle helps an old lady protect her home from a corrupt developer.
10975,Agent Jackie is hired to find WWII Nazi gold hidden in the Sahara desert. He teams up with three bungling women (the 3 stooges?) who are all connected in some way. However a team of mercenaries have ideas on the ownership of the gold. A battle / chase ensues as to who gets there first. Lots of choreographed Kung-Fu and quirky Chan humor.
11049,"Four talented alien musicians are kidnapped by a record producer who disguises them as humans. Shep, a space pilot in love with bass player Stella, follows them to Earth. Reprogrammed to forget their real identities and renamed The Crescendolls, the group quickly becomes a huge success playing soulless corporate pop. At a concert, Shep manages to free all the musicians except Stella, and the band sets out to rediscover who they really are -- and to rescue Stella."
11052,"After the conclusion of the Battle City Tournament, deep below the sands of Egypt, an ancient evil has awakened. Anubis, who was defeated centuries ago by Yugi‚Äôs mysterious alter ego ‚Äì the ancient Pharaoh ‚Äì has returned for revenge. Wielding the power of the Eighth Millennium Item, Anubis is determined to destroy Yugi and take over the world."
11127,"The war against the Bugs continues! A Federation Starship crash-lands on the distant Alien planet OM-1, stranding beloved leader Sky Marshal Anoke and several others, including comely but tough pilot Lola Beck. It's up to Colonel/General Johnny Rico, reluctant hero of the original Bug Invasion on Planet P, to lead a team of Troopers on a daring rescue mission."
11132,"When the teenager Mary Elizabeth Steppe, a.k.a. Lola, moves with her mother and two younger twin sisters from New York to the suburb of Dellwood, New Jersey, she has the feeling that her cultural and entertaining world ended. While in school, the displaced Lola becomes close friend of the unpopular Ella, who is also a great fan of the her favorite rock band Sidarthur. However, the most popular girl in the school, Carla Santini, disputes the lead role in an adaptation of Pygmalion with Lola and also the leadership of their mates. When the last concert of Sidarthur is sold-out, Lola plans with Ella to travel to New York and buy the tickets from scalpers. However, the girls get into trouble while helping the lead singer and Lola's idol Stu Wolf, changing their lives forever."
11243,"The Care Bears have their work cut out for them, because Nicolas, a lonely magician's assistant, is about to fall under the evil influence of a bad spirit who lives in an ancient magic book -- it seems Nicolas will do just about anything for friends. Aside from Nicolas, Kim and Jason are in trouble because they are starting not to trust people after suffering many disappointments."
11331,"Santiago is an aging, down-on-his-luck, Cuban fisherman who, after catching nothing for nearly 3 months, hooks a huge Marlin and struggles to land it far out in the Gulf Stream."
11337,"While attending a retrospect of his work, a filmmaker recalls his life and his loves: the inspirations for his films."
11451,"Maggie Peyton, the new owner of Number 53 - the free-wheelin' Volkswagen bug with a mind of its own - puts the car through its paces on the road to becoming a NASCAR competitor."
11467,"In the midst of a nasty public breakup of married movie stars, a studio publicist scrambles to put a cap on the escalating situation as the couple's latest film has found it's only print kidnapped by the director."
11607,The crew of an experimental underwater nuclear base are forced to struggle for their lives when their explorations disturb a creature who threatens to destroy their base.
11679,"Ice Cube stars as Darius Stone, a thrill-seeking troublemaker whose criminal record and extreme sports obsession make him the perfect candidate to be the newest XXX agent. He must save the U.S. government from a deadly conspiracy led by five-star general and Secretary of Defense George Deckert (played by Willem Dafoe)."
11884,A video game expert Alex Rogan finds himself transported to another planet after conquering The Last Starfighter video game only to find out it was just a test. He was recruited to join the team of best Starfighters to defend their world from the attack.
11900,"The inhabitants of an institution in a remote country rebel against their keepers. Their acts of rebellion are by turns humorous, boring and alarming. An allegory on the problematic nature of fully liberating the human spirit, as both commendable and disturbing elements of our nature come forward. The film shows how justifiable revolt may be empowering, but may also turn to chaos and depravity. The allegory is developed in part by the fact that the film is cast entirely with dwarfs"
12180,"Set between Episode II and III, The Clone Wars is the first computer animated Star Wars film. Anakin and Obi Wan must find out who kidnapped Jabba the Hutt's son and return him safely. The Seperatists will try anything to stop them and ruin any chance of a diplomatic agreement between the Hutts and the Republic."
12410,"The rise of national socialism in Germany should not be regarded as a conspiracy of madmen. Millions of good"" people found themselves in a society spiralling into terrible chaos. A film about then"
12508,"Rock Star tells the story of Chris Cole and a rock band called Steel Dragon. Cole is a photocopier technician by day, and the lead singer of a Steel Dragon tribute band called Blood Pollution"" by night.Internal struggles between the Steel Dragon band members culminate with the firing of the lead singer"
12599,"Satoshi must put his skill to the test when he attempts to save the world from destruction. The Greedy Pokemon collector Gelardan throws the universe into chaos after disrupting the balance of nature by capturing one of the Pokemon birds that rule the elements of fire, lightning and ice. Will Satoshi have what it takes to save the world?"
12633,"Steve Hardin, a young judge, must grapple with his conscience as vicious criminals in his court are going free as a result of slick lawyers finding obscure loopholes in the law. Hardin feels utterly powerless until he discovers The Star Chamber, a small group of powerful men bent on their own kind of vigilante justice. Meeting behind closed doors in the utmost secrecy, they decree their own punishment for the guilty who have slipped through the system without paying for their crimes."
12697,"Laura sees a shooting star falling to earth and finds it in a park, down on the floor and with a broken point. The star is a living being, and Laura takes her home to reattach its point with a band-aid. The little star has special powers and can make people fly, or bring inanimate objects to life. But the more she stays on Earth, the weaker she becomes and her colors fade away and her powers start to fail. Laura must find a way to send the little star back into outer space."
12775,"A band of medieval mercenaries take revenge on a noble lord who decides not to pay them by kidnapping the betrothed of the noble's son. As the plague and warfare cut a swathe of destruction throughout the land, the mercenaries hole up in a castle and await their fate."
12914,Ba'al travels back in time and prevents the Stargate program from being started. SG-1 must somehow restore history.
13001,"SG-1 searches for an ancient weapon which could help them defeat the Ori, and discover it may be in the Ori's own home galaxy. As the Ori prepare to send ships through to the Milky Way to attack Earth, SG-1 travels to the Ori galaxy aboard the Odyssey. The International Oversight committee have their own plans and SG-1 finds themselves in a distant galaxy fighting two powerful enemies."
13053,"Bolt is the star of the biggest show in Hollywood. The only problem is, he thinks it's real. After he's accidentally shipped to New York City and separated from Penny, his beloved co-star and owner, Bolt must harness all his super powers"" to find a way home."""
13076,"Leonard Schiller once counted among New York's Literary lions, but illness and ten years of writers block have lowered his profile, almost to the point of obscurity. When Heather Wolfe, an ambitious literature major, asks to interview him for her theses on his work, her interest forces hims to address the issues that have been he has avoided all these years, and stirs in him feelings he has long forgotten, much to his daughter's consternation"
13092,A British writer struggles to fit in at a high-profile magazine in New York.
13171,"When his lawyer wife, Sofia, becomes pregnant, chronic underachiever Tom Reilly must take a job at his father-in-law's advertising firm. Tom has to adjust to the demands of a very high-powered job, and he finds himself in an increasingly hostile office rivalry with Chip, Sofia's paraplegic former lover."
13243,A mild-mannered bank executive (Aaron Eckhart) mentors a teenage con artist and tries to make a career change as a doughnut merchant.
13386,"Gaetano, giovane napoletano, decide di lasciare casa, lavoro ed amici, per cercare altri momenti di vita e conoscere altre persone. Arriva a Firenze, a casa della zia. In un ambulatorio, dove capita per caso, conosce Marta e se ne innammora. Dopo una serie di divertenti situazioni (un vecchio amico dalla parlantina inarrestabile arriva da Napoli; la matura zia ed il suo attempato amante; un giovane prete Americano che vuole coinvolgerlo per forza nelle sue visite evangeliche; l'incontro con Riccardino, un giovane frustrato da una madre oppressiva; il padre che aspetta il miracolo della ricrescita di una mano amputata; etc.) Gaetano decide di restare a Firenze e di fare da padre al figlio che Marta aspetta, anche se la ragazza non vuole rivelare con esattezza il nome del padre."
13475,"The fate of the galaxy rests in the hands of bitter rivals. One, James Kirk, is a delinquent, thrill-seeking Iowa farm boy. The other, Spock, a Vulcan, was raised in a logic-based society that rejects all emotion. As fiery instinct clashes with calm reason, their unlikely but powerful partnership is the only thing capable of leading their crew through unimaginable danger, boldly going where no one has gone before. The human adventure has begun again."
13476,"A small-town girl wins a date with a Hollywood star through a contest. When the date goes better than expected, a love triangle forms between the girl, the celebrity, and the girl's best friend."
13654,"Being one of 101 takes its toll on Patch, who doesn't feel unique. When he's accidentally left behind on moving day, he meets his idol, Thunderbolt, who enlists him on a publicity campaign."
13705,"Horace McNickle (Edward Asner) is a two-time felon serving prison time for counterfeiting. On the week before Christmas, he escapes from prison dressed as Santa Claus due to his uncanny resemblence to St. Nick resulting from his long white beard and heavyset features. McNickle hides out from the police in a nearby suburban neighborhood where he is befriended and helped by two local children who think he is the real Santa Claus. McNickle takes advantage of the kids naive ness to help him get his counterfeit money hidden somewhere in a local department store while he develops kind-hearted feelings for his two con victims that make him slowly understand the true nature of Christmas."
13721,"Long time inmate Twitch (Kurupt) gets himself transfered to a tougher prison than the re-opened Alcatraz. He claims it's to be closer to his lady but his real motives are a bit more grandiose. There he crosses paths with Burke (Bill Goldberg) a bulky prisoner who can take care of himself. Twitch, despite being less muscular, is just as mouthy and is pretty much the same. But there is a gang war brewing between the black and hispanic inmates that explodes into a hostile takeover of the prison when the black's gang leader is shot dead and the finger points at Burke. But the sh!t really hits the fan when the real killer and leader of the hispanics, Cortez (Robert Madrid) takes Twitch's girlfriend and Burke's daughter hostage."
13739,"Franssou, a charming Parisian English teacher, who shares part of her life with a boring middle-aged lover, dreams of another life. So, when she unexpectedly inherits 50,000 euros, she grasps the opportunity and goes to the French Riviera in order to take it easy in luxury. In the four-star hotel where she rents a room she comes across St√©phane, a strange guy who is in the process of arranging Elton John's next coming to the place. Intrigued by the noisy ostentatious fellow, she follows him until she finally comes into contact with him. She knows St√©phane is at bay and decides to take advantage of it."
13778,"TV child star of the '70s, Dickie Roberts is now 35 and parking cars. Craving to regain the spotlight, he auditions for a role of a normal guy, but the director quickly sees he is anything but normal. Desperate to win the part, Dickie hires a family to help him replay his childhood and assume the identity of an average, everyday kid."
13907,"After rocker Kurt Cobain's death, ruled a suicide, a film crew arrives in Seattle to make a documentary. Director Nick Broomfield talks to lots of people. Portraits emerge: a shy, slight Kurt, weary of touring, embarrassed by fame, hooked on heroin; an out-going Courtney, dramatic, controlling, moving from groupie to star."
13955,"Eddie, a struggling animal trainer and single dad suddenly finds himself the personal wrangler for a large and lovable St. Bernard whose fabulous movie audition"" catapults the dog to stardom. However"
14055,"In 1985, against the backdrop of Thatcherism, Brian Jackson enrolls in the University of Bristol, a scholarship boy from seaside Essex with a love of knowledge for its own sake and a childhood spent watching University Challenge, a college quiz show. At Bristol he tries out for the Challenge team and falls under the spell of Alice, a lovely blond with an extensive sexual past."
14249,"Michael ‚ÄòJay‚Äô Cochran has just left the Navy after 12 years and he's not quite sure what he's going to do, except that he knows he wants a holiday. He decides to visit Tiburon Mendez, a powerful but shady Mexican businessman who he once flew to Alaska for a hunting trip. Arriving at the Mendez mansion in Mexico, he is immediately surprised by the beauty and youth of Mendez‚Äôs wife, Miryea."
14268,"Friends since high school, 20-somethings Kaleil Isaza Tuzman and Tom Herman have an idea: a Web site for people to conduct business with municipal governments. This documentary tracks the rise and fall of govWorks.com from May of 1999 to December of 2000, and the trials the business brings to the relationship of these best friends. Kaleil raises the money, Tom's the technical chief. A third partner wants a buy out; girlfriends come and go; Tom's daughter needs attention. And always the need for cash and for improving the site. Venture capital comes in by the millions. Kaleil is on C-SPAN, CNN, and magazine covers. Will the business or the friendship crash first?"
14428,"In Jacksonville, Florida, four friends since grade school who are now in their early 30s face the challenges of adulthood: Hutto is about to become a father, Laith is intimidated by his girlfriend's sexuality, a grieving Bobby drinks heavily and sleeps on the grave of a girlfriend who's been dead 18 months, and Mark, an OB/GYN who loves his work, can't practice medicine because he can't afford malpractice insurance. Things come to a head when Mark needs his three friends' help after a belligerent animal-abusing pornographer attacks Mark with a gun over something Laith did. A midnight road trip tests friendship: can the guys help each other?"
14460,A young farmer assembles a band of diverse mercenaries to defend his peaceful planet from an evil tyrant.
14809,A crook quietly plots his revenge against the boss who murdered his brother while working for him.
14857,Walter is a rising star in the NCAA wrestling world until his life is ripped apart by the brutal murder of his sister. Returning home to console his mother Gloria he seeks vengeance on the man who is accused of the crime. A chance meeting with a beautiful mature woman gives him solace to the situation. Will this unlikely pairing bloom into a romance and heal a wound the world cannot see or will the loss of his sister push him over the edge?
15438,"Robert, a fan of three French actresses is a bald-headed, potbellied man on the fifties, but fully devotes himself to them, and sometimes works for them without being recognized. But those star actresses find him a simple stalker fan and make fun of him, but later recognize he is sincere and genuine."
15493,"Star Wreck: In the Pirkinning begins with Captain James B. Pirk of the starship Kickstart shipwrecked on the 21st century Earth with his crew. Originally from the distant future, Pirk and his crew traveled back in time to save the Earth from hostile aliens, but lost their ship and became stranded. Pirk's daily routine consists mainly of stuffing his face at the local fast food restaurant, and he is finding it difficult to convince the ladies he is, in fact, an intergalactic space hero from the future. As the prospects for humanity's conquest of space look increasingly bleaker, Pirk comes up with a questionable plan to save mankind's future..."
15494,"This is the story of Starflight One, the world's first hypersonic plane"
15616,"When fluffy, bubble gum movie star Megan Valentine suddenly finds herself broke and humiliated in the public eye, she wanders from the wreckage of a car accident and witlessly enlists in the U.S. Army hoping in vain that it will change her life."
15713,"A married father of three, lives in Cr√©teil doing odd jobs and spends his time at the local PMU bar. One day, to please his daughter, he promises a little too quick to take the whole family on vacation to ski. The only problem: if he breaks his promise, his wife will divorce him."
16012,"Katrine is to be married. Her fianc√© is gorgeous, their appartment is luxurious and her future in-laws are wealthy. Katrine only has one problem: she sometimes finds it difficult to tell the truth, and this sends her on a round-about jaunt with an old friend, Thomsen, who has just barged in unannounced from Kenya and who wants to return a favour and help Katrine with her wedding preparations. A labyrinthal excursion takes place. Tomorrow is another day, the wedding day!"
16068,"After being punished for retreat from combat, Ranger David Martel is given command of the Liandra, a haunted 20-year old Minbari fighting ship. He's escorting ambassadors to a secret archaeological site, the oldest city on record and a clue to a dangerous ancient race."
16187,Buzz Lightyear must battle Emperor Zurg with the help of three hopefuls who insist on being his partners.
16202,"Comedian Cedric the Entertainer uses his considerable appeal to introduce some up-and-coming young stand-up comedians. Cedric himself takes on topics such as Bill Clinton, the death penalty, reality television, fast-food chicken, church etiquette, and much more. The other comedians are a mixed lot: Roland Powell amusingly mocks insecure boyfriends and sings a singles bar pick-up song and Juan Villareal gets some laughs out of food stamps and The Blair Witch Project, while Tony Luewellyn flounders through weak material about Ex-Lax and the war on terror. Then along comes J.J., who gives a surreal spin to roadkill and giving birth to septuplets."
16538,"Peter Klaven is a successful real estate agent who, upon getting engaged to the woman of his dreams, Zooey, discovers, to his dismay and chagrin, that he has no male friend close enough to serve as his Best Man. Peter immediately sets out to rectify the situation, embarking on a series of bizarre and awkward man-dates."""""
16784,"A US president (Gene Hackman) who has retired after two terms in office returns to his hometown of Mooseport, Maine and decides to run for Mayor against another local candidate (Ray Romano)."
17160,"This retrospective program takes a look back on the most dramatic and memorable professional wrestling moments of the 1990s, with profiles on some of the greatest wrestling stars of the decade, and an account of the feud between WCW and the WWE."
17237,"1939: Rome stands on the brink of World War II. In the midst of this political and social tension famed producer Davide Rieta is making a major film. The two lead actors, the German woman Kristina Baumgarten and the English man James Clavel ace each others' initial antagonism and eventually fall in love. Meanwhile the fascist police are looking for an excuse to arrest the Jewish filmmaker and any other potential troublemakers."" The producer and his crew decide to make one final extraordinary effort to complete the film - against all odds."""
17575,"Eleven year old Maria has lost her little brother to cancer. Having disappeared into herself, her mother is no longer there for Maria and her father struggles to keep the family together. Maria meets Jacob, who is the same age as she, but with a completely different attitude. Jacob is outgoing, exciting, funny and has wisdom way beyond his tender years. He gradually pulls Maria out of her shell and enables her to come to decisions which will affect her entire life.Only Clouds Move the Stars tackles a serious subject with humour and wit. With its strong emotional content, the film leaves no one untouched. Based on an award-winning novel, this film shares the sensibilities of the Swedish hit, My Life as a Dog."
17695,Fresh from his role in the Broadway musical hit Hairspray
17938,A mysterious magnetic spool found during a construction project is discovered to have originated from Venus. A rocket expedition to Venus is launched to discover the origin of the spool and the race that created it.
18122,"Maxim Kammerer fights for his love and freedom. He leads a rebel movement challenging the five greedy rulers. One of the rulers, Strannik, knows how dangerous Maxim can be. He makes up his mind to stop the young man at any cost. The last close fight will decide everything."
18231,"The year is 2306‚Ä¶ 12 years ago, Captain Kirk was swept away by the Nexus. One year later, Commander Scott was reported missing along with the USS Jenolen. The remaining USS Enterprise crew have split. Captain Spock and Doctor McCoy are on Khitomer, continuing their work towards peace the Klingon Empire. Captain Sulu and the Excelsior are on a mission beyond the Alpha Quadrant. Captain Chekov, feels his career has stalled, leaving him to ponder retirement. Captain Uhura, Director of Starfleet Linguistics, feels there may be something missing in her life.Now, Chekov and Uhura, with John Harriman, former Captain of the Enterprise-B, come together for the dedication of a new ship. However, their reunion is cut short when they receive a distress call from an all-too-familiar planet, where they meet up with an almost-forgotten face, and in an instant, something happens that presses the three friends to embark on a mission that will forever change their lives‚Ä¶"
18419,"A Fleury-M√©rogis, un match de foot a lieu dans la cour de prison. Tibor Kovacs, un jeune Hongrois, fait des prodiges avec le ballon. V√©ritable virtuose du football, il r√™ve de jouer en √©quipe de France. Pour Manu, son compagnon de cellule, Tibor est un cadeau du ciel. A la veille de leur sortie de prison, les deux comp√®res d√©cident d'unir leurs destins : Tibor deviendra le plus grand joueur du mon"
18639,"Sam Burton's second wife Neddy is Indian, their son Pacer a half-breed. As struggle starts between the whites and the Kiowas, the Burton family is split between loyalties."
18648,"When Roy and Trigger arrive at his ranch he finds Cookie has hired his relatives. Caroline, the only relative that doesn't have a strong resemblance to Cookie, is the horse trainer. Bob Tells Roy a gang of men are hunting range horses. Roy puts a stop to hunting on his land. Pop decides there's money in kidnapping Trigger and demands a $100,000 ransom. McFarland's stepson, Ted, and his dog Tramp, run away and is found hiding in Roy's barn. A trap is set to catch the kidnappers ranch."
18666,"A brother and sister escape from Japanese-occupied Shanghai to Japanese-occupied Taiwan, to stay with their grandfather who runs a Kung-Fu school there. However, the master of a Japanese Kung-Fu school in Taiwan has designs on bringing all other schools on the island under his domination, and part of his plan involves the murder of the siblings' grandfather."
18707,"The third installment in the Lucky Stars series, following Winners and Sinners (1983) and My Lucky Stars (1985)... The team are released from prison to play detective in order to stop a ruthless gang from ruining their reputations, taking their lives, and that of a key witness in an upcoming trial. They must battle their way through and with the help of Muscles, take down the bad guys."
18815,"Young adolescent girl Jenna's mother is dying, while at the same time Jenna is turning from a young girl into a young woman. So it is difficult for her to admit that she is afraid to lose her mother; instead she behaves contrary to how one would expect."
18823,"Born of a god but raised as a man, Perseus is helpless to save his family from Hades, vengeful god of the underworld. With nothing to lose, Perseus volunteers to lead a dangerous mission to defeat Hades before he can seize power from Zeus and unleash hell on earth. Battling unholy demons and fearsome beasts, Perseus and his warriors will only survive if Perseus accepts his power as a god, defies fate and creates his own destiny."
19256,"Universal Century 0087. The Titans, a bellicose faction among the Earth Federation Forces, grows powerful and tyrannical, even using poison gas to suppress a civil unrest. Dissident soldiers from the same military stand against them, forming a resistance group called the AEUG. Kamille Bidan, a civilian student, gets entangled in this conflict when he impulsively steals the Gundam Mark II and joins the AEUG, running away from his home space colony. Then he begins to fight along with Char Aznable, a former Zeon ace pilot who has infiltrated the Earth Sphere for reasons of his own.  This is the first part of the feature trilogy derived from the anime series Mobile Suit Zeta Gundam, and features enhanced animation and theme songs by GACKT."
19358,"Featuring an interview with frontman Tom DeLonge discussing the high-profile breakup of his ex-band, blink-182, this documentary takes viewers into the studio as supergroup Angels & Airwaves records their debut album, We Don't Need to Whisper."" The video also includes Angels & Airwaves onstage at their blistering best during stops on their 2006 tour"
19371,A former pro-wrestler is hired to be the bodyguard/nanny for a couple of bratty kids whose inventor father is being stalked by a rival.
19610,"Drunken, has-been rock star John Norman Howard falls in love with unknown singer, Esther Hoffman, after seeing her perform at a club. He lets her sing a few songs at one of his shows and she becomes the talk of the music industry. Esther's star begins to rise, while John's continues to fall. She tries desperately to get John to sober up and focus on his music, but it may be too late to save him."
19753,"An account of the adventures of two sets of identical twins, badly scrambled at birth, on the eve of the French Revolution. One set is haughty and aristocratic, the other poor and somewhat dim. They find themselves involved in palace intrigues as history happens around them. Based, very loosely, on Dickens's A Tale of Two Cities"
19877,"After a nuclear holocaust tears the world apart, mankind is forced to the harshness of not only the oppression of others who are much more powerful, but the dead earth which seems to be getting worse with every passing moment. But a savior has risen from the ashes, a man who will defeat those who would torment the weak and make the world a livable place once more. A man named Kenshiro..."
20043,"On a future Earth, war between the Kingdom of Honneamise and its rival, The Republic, is inevitable. As evolving technology creates new ways to wage war, a small group seeks to propel mankind into space in their world‚Äôs first spaceflight program. For astronaut candidate Shirotsugh Lhadatt, it‚Äôs a personal odyssey as he grows from an aimless young man into a leader willing to put everything on the line in order to move the human race forward and away from the brink of Armageddon."
20372,The movie takes place during World War II and depicts the true story of Jan Baalsruds amazing escape from the German army from the coast of Northern Norway and across the border to the neutral country Sweden.
20737,"A young boy and a talented stray dog with an amazing basketball playing ability become instant friends. Rebounding from his father's accidental death, 12-year-old Josh Framm moves with his family to the small town of Fernfield, Washington. The new kid in town, Josh has no friends and is too shy to try out for the school basketball team. Instead he prefers to practice alone on an abandoned court, he befriends a runaway golden retriever named Buddy. Josh is amazed when he realizes that Buddy loves basketball...that is playing basketball...and he is GOOD! Josh eventually makes the school team and Buddy is named the Team Mascot. Josh and Buddy become the stars of halftime. Buddy's half-time talent draws media attention. Unfortunately, when Buddy's mean former owner, Norm Snively, comes along with a scheme to cash in on the pup's celebrity, it looks like they are going to be separated."
20787,"The film follows the adventures of Murat (Arkƒ±n) and Ali (Akkaya), whose spaceships crash on a desert planet following a battle, shown by using footage from Star Wars as well as Soviet and American space program newsreel clips. While hiking across the desert, they speculate that the planet is inhabited only by women. Murat does his wolf whistle"""
20932,"A fairy tale about a conceited young man and a young woman with a tyrannical step-mother, who must overcome magical trials in order to be together."
20947,"Start of interstellar expedition equipped by pioneers""(soviet scouts)."""
21188,"The film will feature a comedic story about a friendship between the village-boy Kuba and his goat in medieval Prague. In Prague, Kuba falls in love with M√°ca, a worldly girl. The Goat begins to envy this relationship. Their story intertwines with that of the poor student Matƒõj Tale from Faust House and his contract with the Devil."
21536,"In 1958 Nebraska, 19 year old garbageman Charles Starkweather goes on a murder spree with his 14 year old girlfriend Caril Ann Fugate. They kill 11 people in three months, introducing America to spree killing."
21629,"New Yorkers, Skip Donahue and Harry Monroe have no jobs and no prospects, so they decide to flee the city and find work elsewhere, landing jobs wearing woodpecker costumes to promote the opening of a bank. When their feathery costumes are stolen and used in a bank robbery, they no longer have to worry about employment‚Äîthey're sent to prison."
22049,"A pair of smugglers manage to pick up a castaway while running from the authorities, who turns out to be the only survivor from a secret mission to destroy a mysterious superweapon designed by the evil Count Zartharn. The smugglers are soon recruited by the Emperor to complete the mission, as well as to rescue the Emperor's son, who has gone missing."
22355,"One morning our little Viking village of Flake is raided by frightening looking spooky demons who kidnap all the children‚Ä¶ except for Wickie, who was stuck in a tree trying to use a kite to learn to fly."
22599,"The Driver now carries an arrogant rock star who is visiting a major city (not Pittsburgh as earlier believed). Played by Madonna, this title character wants to get away from her bodyguards in the Driver's BMW. He soon gets tired of her and decides to have a bit of fun."
22692,"Esther Blodgett is just another starry-eyed farm kid trying to break into the movies. Waitressing at a Hollywood party, she catches the eye of alcoholic star Norman Maine, is given a test, and is caught up in the Hollywood glamor machine (ruthlessly satirized). She and her idol Norman marry; but his career abruptly dwindles to nothing."
22701,"The superhero Starman is sent by the Emerald Planet to protect Earth from belligerent aliens from the Sapphire Galaxy. The Sapphireans (or Spherions"") kidnap Dr. Yamanaka and force him to use his spaceship against the Earth."""
22788,"Cedric delivers on stage and has hand-picked some of the industry s most talented and sought after comedians, Kevin Hart, Tommy Davidson, Aries Spears and DeRay Davis, to follow his act. No topic is off limits with these comedians, everything from politics and religion to current events, and even a few jabs are thrown at the host, NBA legend Shaquille O'Neal."
22949,"Charlie and Dan have been best friends and business partners for thirty years; their Manhattan public relations firm is on the verge of a huge business deal with a Japanese company. With two weeks to sew up the contract, Dan gets a surprise: a woman he married on a drunken impulse nearly nine years before (annulled the next day) shows up to tell him he's the father of her twins, now seven, and she'll be in jail for 14 days for a political protest. Dan volunteers to keep the tykes, although he's up tight and clueless. With Charlie's help is there any way they can be dad and uncle, meet the kids' expectations, and still land the account?"
23367,A high school social outcast and the popular girl bond through a shared love of music.
23452,"Seven years after the defeat of the spiral king, Simon and the Dai-Gurren brigade must set out to the vastness of space to defeat a new threat and save the universe."
24189,Labourer Vincenzo travels from Italy to China in search of a machine with a deficiency that was produced in the now defunct establishment at which Vincenzo worked for years.
24225,"This documentary on the effect the talent competition Afghan Star"" has on the incredibly diverse inhabitants of Afghanistan affords a glimpse into a country rarely seen. Contestants risk their lives to appear on the television show that is a raging success with the public and also monitored closely by the government."""
24241,"In 1914, the Mexican revolutionary Pancho Villa (Antonio Banderas) invites studios to shoot his actual battles against Porf√≠rio Diaz army to raise funds for financing guns and ammunition. The Mutual Film Corporation, through producer D.W. Griffith (Colm Feore), interests for the proposition and sends the filmmaker Frank Thayer (Eion Bailey) to negotiate a contract with Pancho Villa himself."
24271,A comedy centered on three museum security guards who devise a plan to steal back the artworks to which they have become attached after they are transferred to another museum.
24551,"An ancient prophesy convinces the powerful Master Sorran to commence an obsessive search for Eron, a mythical place capable of giving the Chosen One infinite knowledge."
24865,"At the end of mankind's greatest battle, empires will crumble, alliances will form, enemies will rise and heroes will fall. World's will end, and a new journey will begin."
25539,"Five friends are released from prison and do their best to stay out trouble. While trying to mind their own business (and run their 5-Star Cleaning Service), they are caught up in a war between rival Triad gangs fighting for control of the counterfeit currency market."
25741,"A young reindeer who suffers from vertigo learns to overcome his fear, takes flying lessons from a clumsy flying squirrel and heads to the North pole to save a troubled Santa and his fleet of flying reindeer."
25992,"Johanna Bachmann is a young police received an emergency call from his father he believed dead, but to meet him, kill him. Nevertheless, the man gets to give her daughter a bag with various personal items. These will put you on the track of a manuscript that will reveal the secret to interpret the Bible. Vatican Party disagrees with the search performs young as they believe in a God who must punish humanity"
26261,"Hard-as-nails cop, Jake Stone moves in with the Robbersons so he can watch a hitman who has moved in next door. The Hitman is one thing‚Äîbut can you survive the Robberson family."
26300,"From the immensely popular FIST OF THE NORTH STAR comic book series, comes a new hero. The fate of mankind rests with superhuman warrior Kenshiro who roams the wastelands of the future waging a battle against overwhelming evil. With the spiritual guidance of his dead father, Kenshiro fights to free his stolen love from the brutal tyrant Lord Shin. Through his struggle he must confront his destiny."
26748,"When the skeleton of his murdered predecessor is found, Sheriff Sam Deeds unearths many other long-buried secrets in his Texas border town."
26873,"A Star-ship discovers a dead alien space craft. All the humanoid crew are dead except for one woman. When revived she remembers nothing of the accident which crippled the space craft, and is brought back to earth to be studied."
26965,"The Captains' Summit documents the first time in Star Trek history that four stars who at some point have played Captains in Star Trek (William Shatner, Patrick Stewart, Leonard Nimoy, Jonathan Frakes) have been brought together for a 70-minute rare and unprecedented round table event. Whoopi Goldberg, star of Star Trek: The Next Generation, hosts the event."
27196,"Sequel to 1973's That'll Be The Day. Jim McLain is now enjoying the nomadic 'gigs and groupies' life on tour with his band. When he achieves all his wildest dreams of international stardom, the sweet taste of success begins to turn sour."
27408,"Secret agent Drew Stargrove is brutally murdered by the ruthless hermaphrodite gang leader Velvet Von Ragnar. The murdered secret agent's son, Lance Stargrove is thrust into the dangerous and intriguing world of secret agents and espionage when he seeks revenge. Danja Deerling teams up with Lance as his sidekick and love interest."
27441,A scientist (James Caan) replaces a military officer (Robert Duvall) as an astronaut on a space-race moonshot.
27539,"Byeol, is a movie that talks about an orphan living with his dog. He loves studying the stars and also has a crush on a pet doctor. In order to get close to her, he always buy dog snacks as a smoke screen. After countless visits, he decided to ask her out on a date. However she failed to turn up that night, he lost hope on his first love attempt and volunteered to work at a distance post."
27681,Seventeen-year-old Alexia Wheaton hasn't been herself lately. Neighter has her 15-year-old sister Hayley. In fact they've been each other. Alexia becomes fashion-challenged Hayley and she in turn becomes styling Alexia and the complications come fast furious and funny.
27775,A warrior and a beautiful ex-convict are left to fight the galaxy's most fearsome commandos in an alien wasteland.
28124,"Writer Nick Gardenia is kidnapped from his California cliffhouse and forced to rob a bank. Now a fugitive, he seeks help from his ex, Glenda. She is a public defender remarried to a prosecutor, and we get a houseful of hijinks."
28150,"Average suburban youth Zack Nimbus is recruited by an ill-tempered ninja and a tough-as-nails space soldier to save the world from a tyrannical, but comically insecure, sorcerer."
28678,"A tale that takes place at the dawn of history. The movie tells the story of a tribe that discovers how to fashion weapons out of iron and use them for their own survival. However, the creation of iron also causes the tribe to battle for possession of the new weapons."
28892,An American ballerina arrives in Hungary to enroll in a ballet school and it soon becomes apparent that things are not what they seem.
29891,"Star hunters are the space monsters who hunt helpless creatures for pleasure. One night couple of high school fotball players and their cheerleaders are returning home after the lost game. But, when their bus makes the wrong turn, they are going to meet those creatures, and the real game will begin."
29963,"In 1818, high-spirited young Fanny Brawne finds herself increasingly intrigued by the handsome but aloof poet John Keats, who lives next door to her family friends the Dilkes. After reading a book of his poetry, she finds herself even more drawn to the taciturn Keats. Although he agrees to teach her about poetry, Keats cannot act on his reciprocated feelings for Fanny, since as a struggling poet he has no money to support a wife."
30054,An experienced bounty hunter helps a young sheriff learn the meaning of his badge.
30062,"A psychotic redneck who owns a dilapidated hotel in the backwater swamps of Louisiana kills various people who upset him or his business, and he feeds their bodies to a large crocodile that he keeps as a pet in the swamp beside his hotel."
30203,Two space smuggles are caught by the government and told if they deliver a create to a certain location the charges will be forgotten. Turns out the create is the key to a cover up and other parties want it to.
30285,"Continuing the story of Aurora Greenway in her latter years. After the death of her daughter, Aurora struggled to keep her family together, but has one grandson in jail, a rebellious granddaughter, and another grandson living just above the poverty line."
30545,"An aspiring Gordie journalist drops his inhibitions to research the UK's North East outdoor sex scene. He meets a certain girl in a car park, and the totally unexpected happens."
30593,"An underground"" cartoonist contends with life in the inner city"
30597,"The members of the Super GUTS force, one of whom is secretly Ultraman Dyna, are in the middle of a losing battle against an enormous monster on the surface of the moon, when suddenly a spaceship appears and saves them by zapping the beast. The crew of the ship claim to members of the world peace force that originally created the Super GUTS force, and they invite the GUTS members to enter their brainwave patterns into the ship's battle computer so it can be a more effective fighting system. It sounds like a good idea, but could they have some other plan up their sleeves?"
30606,"Universal Century 0087, Char Aznable has now become the leader of the AEUG. Scirocco, the man from Jupiter, schemes to seize control of the Titans. Haman, the Axis leader, is attempting to restore the Zabi family. Through politics and strategy, these three powers struggle for dominion over the Earth Sphere. The war builds to a deadly endgame around the space colony Gryps 2, which has been converted into a giant laser cannon. What destiny awaits Kamille at the end of the conflict?  This is the final part of the Mobile Suit Zeta Gundam feature trilogy, which features enhanced animation and theme songs by GACKT."
30707,"Paul Snider is a narcissistic, small time hustler who fancies himself a ladies man. His life changes when he meets Dorothy Stratten working behind the counter of a Dairy Queen. Under his guidance Dorothy grows to fame as a Playboy Playmate. But when Dorothy begins pursuing an acting career, the jealous Paul finds himself elbowed out of the picture by more famous men."
31122,"A young Air Force lieutenant falls in love with fighter planes while his father, a Congressman and war hero, yearns for him to fly heavy bombers."
31277,A teenage girls life gets turned upside down when a new school friend turns out to be a popstar.
31279,"The year is 2055, and the universe is in a state of turmoil, awaiting the formation of a government that can establish universal peace. Until such a time, the Orion Union stands in its stead, an uneasy alliance made up not of planets, but of their individual states, overlorded by unruly gangs, short-sighted tyrants and hissing, domineering queens. In short, chaos reigns."
31447,"Jethro is at his rambling side splitting best as the pride of Cornwall tells of all his favourite characters, including his infamous friend Denzil and his long suffering wife!"
31654,"Medfield College science major Dexter Riley and his classmates have been working on a new vitamin compound when a lab accident creates a supercharged mix that ends up in Dexter's cereal box, giving him superhuman strength. The powerful formula comes to the attention of the college dean and two rival cereal companies, touching off a hilarious chain of events."
32147,"Set on the subterranean Mine-World, a band of human worker are treated like slaves under the power of the evil overlord Zygon until one, Orin, unearths the hilt of a mythical sword that only he can master. Escaping the planet, he runs into the rogue smuggler Dagg and a pair of helpful droids and the princess, who all team up to return to the Mine-World with a plan to defeat Zygon and free Orin's enslaved people."
32273,"Set in a forlorn mining town near Valencienne in the north of France, the story is about one man's struggle to bring life to his once prosperous village and its inhabitants. Philippe Torreton, who won a C√©sar for Best Actor with his title role in Capitaine Conan, plays Daniel, the head teacher of a nursery school in a town demoralized by unemployment. Daniel is determined against all odds to bring life to the community. When a parent who has come to pick up her children collapses at the school grounds due to alcohol abuse, and social services turns a deaf ear to all pleas for help, Daniel decides to take the law into his own hands. Despite resistance from the townspeople, in the long run his efforts are not fruitless."
32488,"An alcoholic falls in love with and gets married to a young woman, whom he systematically addicts to booze so they can share his passion"" together."""
32823,"Pinnacle records has the perfect plan to get their sinking company back on track: a comeback concert in LA featuring Aldous Snow, a fading rockstar who has dropped off the radar in recent years. Record company intern Aaron Green is faced with the monumental task of bringing his idol, out of control rock star Aldous Snow, back to LA for his comeback show."
33112,"A young man asks a hat check girl to pose as his fianc√©e in order to make his dying father's last moments happy. However, the old man's health takes a turn for the better and now his son doesn't know how to break the news that he's engaged to someone else, especially since his father is so taken with the impostor."
33276,"He‚Äôs the Shaman of Sexy, the Friday Night Delight. John Morrison is one of WWE‚Äôs best and brightest rising stars, having held numerous tag team championships, first as part of MNM and then with The Miz. He‚Äôs also had great solo success, earning the ECW and Intercontinental championships. The DVD is packed with a revealing 1-hour documentary, as well as bonus matches, interviews, Dirt Sheet segment"
33339,"Misfits in their lives back home, a group of young people live it up at musical-theater camp. While the sports counselor is completely ignored, the kids' spend all their time in rehearsal for a grueling schedule that involves a new show every two weeks. Several personal stories come to the fore."
33525,"The story begins on a small spaceship docking with a refueling station. On board are a group of four aliens, Bernard, Sandra, Desmond, and Julian. During a particularly tedious period of their stay at the station, the other three begin playing with the ship‚Äôs controls while Bernard is outside playing spaceball. They accidentally disconnect his part of the ship, leaving him stranded while they crash into a large blue planet close by (Earth)."
33717,"When Sunflower Valley needs a new sports stadium, there's only one team for the job. It's Bob the Builder‚Ñ¢ and his Can-Do Crew! Can Bob build it? With the help of his new friends, Gripper and Grabber - YES, HE CAN! Join Bob, Wendy, and the Can-Do Crew as they race to the finish line in their biggest construction job yet. See how teamwork and fun go hand-in-hand in this colossal building adventure."
33754,"A nightclub singer and his partner escape mobsters by fleeing to Cuba with a beautiful heiress, who has inherited a haunted castle on an isolated island. The trio hunt for a hidden treasure and encounter a ghost, a zombie, and a mysterious killer..."
33786,An overweight teenager girl struggles to be socially accepted.
33838,"The cuddly Care Bears star in this charming feature-length adaption of the classic story of Alice in Wonderland. A young girl named Alice and the Care Bears travel together into the whimsical land of the Mad Hatter and the March Hare. In this magical story about friendship and trust, Alice and the Care Bears try to thwart an evil wizard's attempt to become the King of Wonderland."
34111,"BAFTA Winner JoJo in the Stars is a story of love, self-sacrifice, and jealousy played out against a black and white world that is both nightmarish and hauntingly beautiful."
34375,"The Five Star Stories"" is a well created Japanese anime film.Among the 5 star systems known as the Joker Systems"
34719,"Stargaze brings the beauty and majesty of the universe to your home theatre, direct from the Hubble space telescope. With over an hour of the most incredible images of the universe you'll ever see, plus dolby digital and DTS surround sound music from 2002, Stargaze will quickly become a favorite in you DVD collection."
34759,"Hammersmith Odeon, London, July 3, 1973. British singer David Bowie performs his alter ego Ziggy Stardust for the very last time. A decadent show, a hallucinogenic collage of kitsch, pop irony and flamboyant excess: a musical symbiosis of feminine passion and masculine dominance that defines Bowie's art and the glam rock genre."
35021,"In IX century Europe, on the brink of Poland's birth, a cruel prince, Popiel, murders his cousins to ensure his son's succession. His crimes lead to an uprising of his subjects lead by the former commander of Popiel's army, Piastun, and a young hunter and warrior, Ziemowit. Meanwhile Ziemowit falls in love with Dziwa, lovely girl who is to become a priestess in the local temple ..."
35225,"Earl and Baby, two young lovers with a plan to escape their small Texas town. But when Baby's dim-witted cousin Junior gets tangled up in a whole heap of trouble, Earl has just 48 hours to save the day, rescue Junior and keep his promise to get his Baby to Los Angeles in time for sweeps."
35558,"Pop star Christopher Wilde has fame, fortune and a big-budget Hollywood movie awaiting him. But after meeting Jessica Olson, a down-to-earth girl from the Midwest, he is faced with following his heart or doing what's best for his career."
35698,"Scholars debate whether the Star of Bethlehem is a legend created by the early church or a miracle that marked the advent of Christ. Is it possible that the star was a real, astronomical event? From Producer Stephen McEveety (The Passion of the Christ) comes an amazing documentary on the Star of Bethlehem."
35730,"An up-and-coming actress (Regan Reece) is picked up off the streets by a young serial killer, and a night that appears to begin with a good Samaritan's act quickly turns into a game of cat-and-mouse in a field."
35731,"Shane Ryan's sequel to the disturbing Amateur Porn Star Killer is a brutal calling card to all those who were enraged by its predecessor (and there were many). Ryan is a force to be reckoned with, and he's not letting up any time soon. The victim here isn't a young girl. This one doesn't just go quietly, either. She fights back. She knows she's in trouble, but she mistakenly thinks she can get away. In other movies, she would escape and somber music would play as the credits creep up the screen. The audience would leave the theatre satisfied that the bad guy got what he deserved. They would go home feeling safe. Ryan doesn't let anyone have such notions. He shows things as they really are. This is what a killer would film. This is how it would look, and if you didn't know any better, you'd swear it was real. (And you still can't be totally sure it's not.)"
35733,"The unofficial story of a killer who kidnaps and kills three girls is told through the tale of his last victim, 'Amateur Porn Star Killer' is about a girl he picks up on the street and convinces to go back to his hotel room. The girl is shy, unnerved, and yet unable to take herself out of a bad situation. The killer is a guy who seems at first nothing more than your standard, 18 year old pervert with a penchant for filming his sexual escapades. An unsettling darkness descends."
35780,"Zero-X, a manned exploration mission crashes during lift-off on its maiden flight. Two years later an investigative committee finally concludes sabotage, and decides to call on the services of International Rescue to oversee security at the impending second launch. The second Zero-X successfully reaches its destination, but encounters unexpected hazards, ultimately leading to another call for assistance on its return to Earth. International Rescue respond, and once again Thunderbirds are GO!"
35795,"From Star Wars to Jedi: The Making of a Saga is a 1983 television documentary special that originally aired on PBS. It is a behind-the-scenes look at the making of the original Star Wars trilogy, with particular emphasis on the final film, Return of the Jedi. Narrated by actor Mark Hamill, the documentary was written by Richard Schickel who had written the previous television documentaries The Making of Star Wars (1977) and SP FX: The Empire Strikes Back (1980)."
36790,"The Story follows Troy, a young man whose beloved wife passes away. The movie opens at her funeral, and Troy, ill-equipped to deal with this kind of grief at this stage in his life, just shuts down. Lost for direction, he receives in the mail a letter his wife wrote him while she was sick, which asks him to build his Aunt Hilda a porch. With nowhere else to turn, Troy drives to where his aunt lives in the desert. There, he meets with his Aunt Hilda, a supporting cast of crazy fun old ladies, and Bobby, a kind of wise cowboy, all of whom make it easier for Troy to find the place within to deal with his grief and move forward, and help open Troy's eyes that his pain is not unique. In the Process, Troy also learns the Difference between true love"" and ""love at first sight""."""
37031,"The unlimited uncollectible sterling deluxe edition. The world-famous Doug Anthony Allstars wreak havoc on the live ABC TV comedy classic ‚Äì The Big Gig. Australia‚Äôs notorious comedy trio rampage through a tornado of songs, stunts and stupidity."
37129,"Bogdan Titarenko is very talented pilot and brave leader of Singing group"". He also must look after some new cadets and fight together with them against German Luftwaffe planes. Close to Bogdan always are his friends"
37518,"Geeks waiting in line to see Star Wars: Episode II Attack of the Clones outside of Mann's Chinese Theater in Hollywood, CA film themselves."
37593,"Rip-roaring big star, big budget semi-historical story about cattle baron Devereaux Burke, who is enlisted by an aging Andrew Jackson to dissuade Sam Houston from establishing Texas as a republic. Burke must fight state senator Thomas Craden, in the process winning the heart of Craden's newspaper-editor girlfriend Martha Ronda."
37744,"Astronauts blast off to explore the moon on Rocketship X-M or Rocketship eXploration Moon"". A spacecraft malfunction and some fuel miscalculations cause them to end up landing on Mars. On Mars"
37910,"It is 2046 when a mysterious alien force begins their annihilation of the human race. Leaving behind the one person she loves, Mikako joins the interstellar battle as a pilot. And so - while Mikako risks her life to save mankind - Noboru waits. The two lovers, worlds apart, desperately strive to remain connected as the gap between them widens at a frightening pace."
37975,The adventures and deceptions of a photographer who travels through the small villages of Sicily pretending that he is working for the big film studios in Rome.
38107,"John Travers and Yak, his faithful Indian sidekick, pick up where a murdered sheriff leaves off, and try to nab the mysterious Shadow."
38151,"Mike Hamilton, a Philadelphia lawyer, comes to Naples to settle the estate of his long estranged black sheep"" brother. Once there"
38380,Norman Truscott is a store worker who dreams of stardom. Vernon Carew is a singer whose star is fading. Vernon manages to get a recording of Norman singing and passes it off as himself.
38577,"The Old Man and the Sea (Russian: –°—Ç–∞—Ä–∏–∫ –∏ –º–æ—Ä–µ) is a 1999 paint-on-glass-animated short film directed by Aleksandr Petrov, based on the novel of the same name by Ernest Hemingway. The film won many awards, including the Academy Award for Animated Short Film. Work on the film took place in Montreal over a period of two and a half years and was funded by an assortment of Canadian, Russian and Japanese companies. French and English-language soundtracks to the film were released concurrently. It was the first animated film to be released in IMAX. Oscar winning animation of the classic Hemingway story."
39100,"The evil Dr. Kochin uses the dragon balls to resurrect his mentor, Dr. Wheelo, in an effort to take over the world. Dr. Wheelo, his body having been destroyed by the avalanche that killed him fifty years before, desires the body of the strongest fighter in the world as his new vessel. Believing Roshi to be the world's strongest warrior, Dr. Kochin abducts Bulma and forces Roshi to surrender himself to save her. When Goku hears of their abduction, he goes to their rescue."
39255,"This collection consists of four of the most cherished shows in television history. On February 9, 1964, The Beatles made their debut TV appearance in the U.S. on the Ed Sullivan Show. 73 million Americans watched and Beatlemania is born! Other shows included were February 16, 1964, February 23, 1964, and September 12, 1965. Includes 20 song performances, as well as the rest of the four Ed Sullivan shows.  Also included in some special editions is the show rehearsal (Deauville Hotel, Miami - Feb.16, 1964)"
39337,"Blustery funnyman Lewis Black hits the stage for his Comedy Central special, which finds the comic using his wry observational humor to skewer everything from Washington politicians and the tanking economy to cellphones and getting old."
39373,"Jack Hunter pursues his arch nemesis Littman across ancient Europe, intent on thwarting his attempt to salvage a deadly artefact."
39439,"The year 1988 saw a bunch of flashes in the pan in the pop music industry, and has-been rock star CHOI Gon was one of them. After his only hit song 'The Rain and You', he became involved in drug problems, mob fights, and now sings in a caf√© in the countryside. He one day gets into a fight with one of the customers at the caf√©, and needs bail money to get released from a lockup. Desperately trying to free him, his manager PARK Min-soo comes up with the solution to send CHOI Gon to a radio station in a far, remote town in the suburbs as a DJ, so that the radio station can pay for the bail. Helpless and bewildered, CHOI Gon now has to DJ in front of a few dozen listeners‚Ä¶"
39555,"Young teenager Bo is too sensitive for the hothouse atmosphere of a boarding school run by a cold, unfeeling would-be man of the cloth. Lonely and scared, he finds a soul mate in the headmaster's son and the two boys form a bond that slowly grows into a sexual relationship."
39863,"Roman Porno from 1979. Beautiful Girl Hunter"" by Norifumi Suzuki is based on manga by Masaaki Sato. The film portrays the life of Tatsuya"
40611,"This emmy award winner for Best Animated Special is based on the first tale of C.S. Lewis' acclaimed children's books, The Chronicles of Narnia."" When four children pass through a special wardrobe closet"
40643,"X-15 is a 1961 movie that tells a fictionalized account of the X-15 research rocket plane, the men who flew it and the women who loved them."
40658,"Starsuckers is the most controversial documentary of the year, and was released in British cinemas in November 2009 to critical acclaim. It's a darkly humourous and shocking expos√© of the celebrity obsessed media, that uncovers the real reasons behind our addiction to fame and blows the lid on the corporations and individuals who profit from it."
40890,"At the beginning of 1991, Yugoslav army did not acknowledge Croatian's independence, and still holding few military barracks in Croatia. Gajski travels to an island to get his son out of the army. Locals have besieged the barracks and organized a festival to try with singing and recitals to get major Aleksa and his soldiers to surrender, but Aleksa has explosives thru the barracks and wants to blow up the island."
41142,"Based on the novel by V√§in√∂ Linna, the story takes place during the time of the Finnish Civil War."
41544,"Wealthy construction mogul Sam Ching (Andy Lau) and cabaret dancer Milan Sit (Qi Shu) fall madly in love with one another despite the class differences that would keep many couples apart. However, what Sit doesn't know is that Ching is the man responsible for razing a building representing cherished memories from her childhood. Can they live happily ever after if this secret gets out?"
41747,"Childstar is about an egotistical 12-year-old named Taylor Brandon Burns who has skyrocketed to fame at that young age. His relationship with his driver, Rick, takes a turn when Taylor confides in him about the problems of celebrity and the fears of his impending teenage years. When Taylor disappears with his new girlfriend, Rick attempts to find the boy and help him through this troubling period."
41808,"A teen movie star attempts to overcome her addition to alcohol and salvage what's left of her career after passing out on the red carpet at her big Hollywood premiere and being sent to recover with her upbeat aunt in Indiana. Morgan Carter (Jo Jo) is only seventeen years old, but she's already on top of the world. But so much fame so early in life can yield unpredictable consequences, and when Morgan is sent to the hospital with alcohol poisoning, it's clear that she isn't ready to deal with the pressures of stardom. Whisked away to rehab as the paparazzi clamors for a picture and the press predicts her downfall, Morgan is sent by her mother and concerned manager to Indiana, far away from the temptations of Hollywood. Once there, the troubled starlet reluctantly starts to reconnect with her quirky Aunt Trudy (Valerie Bertinelli), who offers just the kind of unconditional support that the young girl needs to get her life - and career - back on track."
41926,"When Agent Starrbooty's adopted niece is kidnapped, she and Agent Page Turner go undercover as prostitutes to rescue her from Starrbooty's old nemesis."
42031,"Macabea has just moved to the big city after her aunt, who raised her, died. She gets a job as a typist and moves into a boarding house with three other women. In her spare time she listens to time Radio Station; on Sundays she likes to ride the subways. She describes herself saying, I am a typist and a virgin"
42130,"The Night of San Lorenzo, the night of the shooting stars, is the night when dreams come true in Italian folklore. In 1944, a group of Italians flee their town after hearing rumours that the Nazis plan to blow it up and that the Americans are about to arrive to liberate them."
42209,"Coming from outer space, Prince Flick asks the Trapalh√µes to help him free his planet from the domain of evil Zuco and free Princess Myrna, who has been taken prisoner. He offers a reward, the four friends accept the mission and embark in a spaceship driven by a hairy monster called Bonzo. Once on the planet, they they defeat Zuco, but they fail to save Princess Myrna's life. Her place on the throne is then taken by Loya, the girlfriend Didi met on that planet. Back on Earth, os Trapalh√µes think their adventure was but a dream, but they are convinced otherwise when they find their reward."
42243,"Tired of the slave-like treatment of his team's owner, charismatic star Negro League pitcher Bingo Long takes to the road with his band of barnstormers through the small towns of the Midwest in the 1930's."
42376,"In the late 21st century, planet earth's natural resources are near depletion, and problems like acid rain and limited breathable oxygen abound. In response to the environmental decline, the Earth Star Voyager is created as an experimental space ship that sends the brightest young crewmen and women on a quest to find a new planet that human beings can colonize. Along the way, they find the long lost Jacob 'Jake' Brown, find a world with hostile aliens, and learn that the star craft's top secret purpose was not just a peaceful space exploration mission, but also potentially the critical piece of a super weapon."
42455,"In the late 18th century, two newlyweds move into the stately mansion of husband Charles Fengriffen. The bride, Catherine, falls victim to a curse placed by a wronged servant on the Fengriffen family and all its descendants."
42502,"A tough young man, who helps to kick poor people out of their houses, falls in love with a girl. She lives with her father in the building about to be demolished."
42542,"Captain Rameses and his Legion of the Winged Serpent brigade are out to claim Earth for their dying race. Out to save Earth is an alien guard patrol located in the Bermuda Triangle, the League of Races. LOR leaders warn Rameses that he's breaking galactic treaty rules. The alien villain responds by launching an invasion which telepathically drives Earthlings to suicide. The LOR implore UFO expert Professor Duncan to help them. Eventually, the two alien forces battle. Will the Earth be saved?"
42580,"Michael Chapman was once a child TV star. When he grows up, he can't get work so he and his brother start their own talent agency that specialises in child acts. They can't seem to find the next big thing and they have to deal with another agency who's not above bribery to get the kids to sign with them. One day Michael meets a young girl who's a real spitfire, and thinks she could be who they are looking for."
42669,An unscrupulous newspaper editor searches for headlines at any cost.
42701,"Two miners agree to guide a mysterious woman, who has appeared in their camp from nowhere, to a nearby town; but soon, because of her erratic behavior, they begin to suspect that her true purpose is quite different."
42833,"Nine-year-old Lisa discovers her sinister new friend is the ghost of the dead twin of Lisa's mother. Then Lisa's father also begins to suspect his wife of hiding a terrible secret, resulting in deadly consequences‚Ä¶"
42979,"Fans of Adult Swim's Robot Chicken"" and the Star Wars movie franchise won't want to miss this collection of 30 sketches. This hilarious compilation features an array of skits -- such as ""Darth Vader's Collect Call"" and ""Inside the AT-AT"" -- as well as the incredible voice talents of Hulk Hogan"
42982,"Seth Green and Matthew Senreich serve up more hilarious Star Wars-inspired satire in this second compilation of sketches featuring the zany stop-motion animation of Adult Swim's Robot Chicken."" Gary the stormtrooper deals with irascible boss Darth Vader on Take Your Daughter to Work Day"
43190,"Faites Du Bruit"" shows the highlights of two of Starflam's concerts. One in the ""Forum de Liege"" and one in the Ancienne Belgique in Brussels."""
43266,"At the turn of the century in a Welsh mining village, the Morgans (he stern, she gentle) raise coal-mining sons and hope their youngest will find a better life. Lots of atmosphere, very sentimental view of pre-union miners' lives."
43319,Man Without a Star is a 1955 western film starring Kirk Douglas as a wanderer who gets dragged into a range war. It was based on the novel of the same name by Dee Linford.
43365,Marine bandmaster John Philip Sousa (Clifton Webb) becomes famous for his marches and inspires the sousaphone.
43514,An Eddie Cantor look-alike organizes an all-star show to help the war effort.
43564,StarGaze HD brings the beauty and majesty of the Universe to your HD Home Theater. Journey beyond the stars with images from the Hubble Space Telescope Spitzer Space Telescope and the Chandra X-Ray Observatory. With over an hour of astounding images set to ambient music StarGaze HD will quickly become a favorite in your Blu-ray collection.
43848,"George Cabot Jr., the son of a department store owner, enrolls Kristina Nielsen, the store's sports clerk,  at a university to use her as an advertisement for their fashion department. She falls for Larry Taylor, a teacher, and gets expelled."
43997,"He's Irish, he's ageing, he drinks, is a touch cynical and when he has time writes a newspaper column. On the eve of the country's first election as an independent state, Dan Starkey's life is about to change after he finds the young woman he has just made love to dead and his only ally is a nun"
44087,"Life on a British bomber base, and the surrounding towns, from the opening days of the Battle of Britain, to the arrival of the Americans, who join in the bomber offensive. The film centres around Pilot Officer Peter Penrose, fresh out of a training unit, who joins the squadron, and quickly discovers about life during war time. He falls for Iris, a young girl who lives at the local hotel, but he becomes disillusioned about marriage, when the squadron commander dies in a raid, and leaves his wife, the hotel manageress, with a young son to bring up. As the war progresses, Penross comes to terms that he has survived, while others have been killed."
44630,"The first World War is in its third year and aerial combat above the Western Front is consuming the nation's favored children at an appalling rate. By early 1917, the average life-span of a British pilot is less than a fortnight. Such losses place a fearsome strain on Gresham, commanding officer of the squadron. Aces High recreates the early days of the Royal Flying Corps with some magnificently staged aerial battles, and sensitive direction presents a moving portrayal of the futilities of war."
44772,"The 16 years old amateur photographer Charles accidentally takes a photo of Laura - and falls in love with her, when he develops the picture. He finds out that she works as singer in a bar, but is about to be thrown out. Although rejected at first by the 23 years old, he wants to help her and starts an ad campaign behind her back... with unexpected results."
44809,"On a lush tropical island, working under a secret government charter, Martin Drake has not only grown sprawling acres of giant vegetables, but inadvertently spawned two mammoth reptiles as well. Now they've broken free of their enclosures, and Drake has only one option: kill the creatures before word gets back to Washington and they close him down. When Drake's first team of well-armed mercenaries gets wiped out within hours of setting down in the jungle, he turns to one lone hunter, The Cajun, to go in single-handedly. But will The Cajun be cunning enough to find the creatures and destroy them before they turn the blue waters red with the blood of tourists. The only hope is to bring the monsters together and make them fight. When one emerges victorious, that will be the time to strike and kill the other. It's a risky plan, but ultimately the only one that may work. One of David Carradine's last movies."
44846,"Never offered before in this format, these classic and completely remastered Looney Tunes shorts capture everyone's favorite wascally wabbit, Bugs Bunny, in his element - and all of his animated glory."
44988,"The story of Ruby, 13, determined to grow up fast after her mother runs away to become a movie star, leaving Ruby with her hopelessly rural father."
45296,"Legend says that the sacred crystal is the source for all life and was created at the beginning of time. Kyla has sought the crystal to use its powers for himself and he takes the crystal after smashing the defenders on the Planet Sintaria. But there is another identical crystal on Earth and Ladera heads there to get it before the evil Kyla. She finds that Jed has taken the crystal from is hiding place, but Victor and his inexhaustible hit men want it for money they gave to Jed. Ladera easily handles the weak earthlings and saves Jed, but Kyla is also after the crystal. Jed and Ladera must find the crystal before Kyla, the clueless cops or the dimwitted villains."
45833,"A 'mocumentary' on the rise and fall of Chip and Dales dancer turned martial arts action star, Francis Allen Sledgewick, AKA Frank Sledge. When fame and fortune caused Frank to lose his sense of what's truely important, he realised he's going to have to get in touch with his roots if there's ever going to be a comeback."
46010,An old detective does not want to retire. The only way out is to prove to his boss that he still can catch criminals. The problem is that there were no crimes recently to work on. Together with his retired friend he decides to commit a perfect crime himself and then quickly solve it. Real problems start when a real criminal steals money he has stolen.
46076,"Beautiful alien Amazonian women plan to conquer the world using an army of vegetable monsters. Dim-witted privates Philbrick and Penn bumble into a cave in search of atomic activity but collide instead with fierce carrot-topped tree mutants and their leaders, the 7-foot space sirens Prof. Tanga and Dr. Puna. This lavishly low-budget sci-fi romp has the bodacious aliens planning to overrun Earth with their vege-men army, but first they want the G.I.s to explain the meaning of love."
46199,"Ever since he was a kid, Johnny Castle had a dream: to become a movie star. Driven by his obsession, Johnny moved to Los Angeles, and the corner of Hollywood and Vine Boulevards became his natural stage on which to promote himself. Johnny is absolutely convinced that some day a producer or a director will sign him for their next movie. Even though Johnny has this optimistic way of looking at life, in the three years since his move to Los Angeles he has only been able to get a small part in a science fiction B-movie. Very soon the movie will debut in the theaters, and Johnny wants to show the result of his work to his father, who lives in Chicago. He obtains a preview DVD copy of the movie from the director so that he'll be able to present it to his dad as a wonderful birthday surprise."
46314,"Hugo, the one-of-a-kind jungle animal, is snatched away from his home for a second time in another attempt for him to become an animal actor. Meanwhile, he's reunited with Rita the kind, streetwise fox. Finding that life in front of and behind the camera isn't so bad, he grows more unaccustomed to wild life once he escapes and slowly weakens his relationship with Rita."
46954,Laura gets the chance to fly to China with her family. Her mother is supposed to give a concert with Chinese musician to celebrate the New Year.
47049,"Biographic Movie of the German fighter ace, who was killed in a plane crash after over 150 kills in North Africa."
47070,"Mike is a struggling artist who draws the 'Brenda Starr' strip for the papers. When Brenda comes to life in the strip and sees how unappreciated she is by Mike, she leaves the strip. To get her back, and keep his job, Mike draws himself into the strip. In her world, Brenda Starr is the Ace Reporter for the New York Flash. She is talented, fearless, smart and a very snappy dresser. The only competition she has is from the rival paper's top reporter Libby Lipscomb. Brenda heads to the Amazon jungle to find a scientist with a secret formula which will create cheap and powerful gas from ordinary water. (This movie was filmed in 1986 but release was delayed for several years.)"
47296,"Rainbow Brite, and her magical horse Starlite, must stop an evil princess and her underlings from taking over the planet Spectra. When they meet Orin, the wise Sprite tries to make the two children get along and work together to stop the evil Princess. Orin tells them that they can only destroy her by combining their own powers against her. Getting in the way of their mission is the sinister Murky Dismal and his bumbling assistant Lurky who, as usual, are lavishing in the new gloom created by the darkening of Spectra, as well as trying to steal Rainbow's magical color belt."
47302,A young girl is plucked from small-town obscurity and thrust into the spotlight of the glamorous world of super-models.
47441,"At a wake one night in 1945, a group of aged women recall the life of one of their number. Sixty years before, Th√©r√®se was barely 20 years old when she eloped with her boyfriend, Firmin, a blacksmith, to Ch√¢tillon, a town in Provence. Here, she makes the acquaintance of the wealthy Madame Numance, who is known for her good deeds. Realising that Th√©r√®se is pregnant and unemployed, Madame Numance insists that she moves into a house on her estate. Whilst Firmin resents the arrangement, Th√©r√®se soon finds that she can exploit the situation, using her benefactor's naivety and generosity for her own gain.."
47603,"The Doug Anthony All Stars were an Australian musical comedy group who performed together between 1984 and 1994. The band was an acoustic trio comprising Paul McDermott and Tim Ferguson on main vocals and Richard Fidler on guitar and backing vocals. They were known for their aggressive, provocative style; their habit of involving audience members and their tendency to attack topical and sometimes controversial issues in their comedy. Dead &amp; Alive, is a live recording of one of their London shows..."
47605,"A strange signal arrives on the Earth disturbing all communications, while an UFO appears above the Antarctic sea. Captain Alex Hamilton is sent with his spaceship and crew to the space outside the Solar System to find the origin of that signal. They reach an unknown planet where a giant robot enslaved a whole population of humanoids by taking their psychic energies."